Lib_Name,popularity,Mean_cosine,Std_Cosine_Similarity,Median_Cosine_Similarity,Temp
1rm.js,bottom,0.46429016799999995,0.039760197151916525,0.47916293,0
2048term,bottom,0.671598176,0.016239631458645556,0.6823207,0
2fa,bottom,0.616032798,0.044395024134986354,0.585374,0
301-node,bottom,0.3883712,0.04266720950969723,0.38059154,0
531.js,bottom,-0.01333445446,0.018473504141340115,-0.008119063,0
BaseCRM,bottom,0.599105632,0.020942676502289995,0.6108339,0
Commando,middle,0.382110332,0.016333417494357082,0.37380865,0
CrawlerX,bottom,0.39270777199999995,0.02992766035745812,0.38418388,0
Cruiser,bottom,0.22179616200000002,0.02069850801058665,0.22087544,0
Dexie.js,middle,0.486334546,0.03161807322389489,0.49967188,0
ESB-node-driver,bottom,0.862152512,0.02036453009457793,0.86383975,0
F.js,bottom,0.6052600779999999,0.0380185811513005,0.58349323,0
FileBufferReader,bottom,0.83871027,0.009500442793601755,0.84296435,0
Fritbot,bottom,0.709720136,0.021400001446277534,0.71132904,0
IVS.js,bottom,0.355963446,0.010945293393526727,0.35731083,0
ImageServer,bottom,0.625101188,0.02021564296574609,0.6241808,0
Imager.jsx,bottom,0.593199686,0.03175249118539802,0.60911363,0
Leaflet.MapboxVectorTile,bottom,0.7879448480000001,0.020533425853215992,0.7968259,0
Leaflet.timeline,bottom,0.47990021800000005,0.008258583792586338,0.4808043,0
MetaScript,middle,0.6834601840000001,0.01331613815188283,0.6782607,0
Node.CLI-Progress,middle,0.56319238,0.033461074867594996,0.5522736,0
Object.values,top,0.432220194,0.039289994616036564,0.44446,0
OwlCarousel2,middle,0.666549688,0.03326805369099187,0.6864965,0
RegExp.prototype.flags,top,0.705563364,0.015490322039777923,0.70427597,0
StackBlur,middle,0.437795686,0.0467467419012917,0.42405838,0
String.prototype.trimLeft,top,0.540044054,0.004484773631910552,0.54078233,0
String.prototype.trimRight,top,0.616866422,0.0038312535267415963,0.61830425,0
Validator,middle,0.5680922620000001,0.005788499600908712,0.5681956,0
ab-testing,bottom,0.600811978,0.012784902218668693,0.60348094,0
abab,top,0.31575593,0.10591571578817943,0.37694502,0
abstract-logging,middle,0.571242468,0.06409596138023145,0.5597395,0
absync,bottom,0.311633192,0.013327051960683955,0.3184626,0
accessory,middle,0.10656527200000002,0.0196758153832737,0.11350068,0
ace,middle,0.282035296,0.028245504445696852,0.27359962,0
acorn-globals,top,0.805758788,0.013323825408137169,0.80251694,0
acqua,bottom,0.35285949,0.04837219238460048,0.3501336,0
actions-on-google-nodejs,middle,0.831999382,0.006398100802474119,0.8302965,0
activity-streams.js,bottom,0.529511708,0.011436948211919132,0.53607774,0
add-func-name,bottom,0.44527876200000005,0.031009776149959062,0.45174983,0
afinn-96,bottom,0.5654268499999999,0.008115807340295829,0.56112695,0
aflow.js,bottom,0.24887286199999997,0.045241926052725374,0.24296197,0
airtight-css-lint,bottom,0.44215798800000006,0.01716639195389994,0.43835694,0
alchemist-hsl,bottom,0.790532202,0.0135211261061762,0.7911074,0
algolia-webcrawler,bottom,0.524466682,0.0053390936978311414,0.5266056,0
algoliasearch-helper-js,middle,0.72800564,0.013252229848708488,0.7244086,0
align-text,top,0.58508958,0.033561235709475896,0.5651573,0
alphanum-sort,top,0.732500644,0.048667018348278517,0.72011286,0
ampersand-date-view,bottom,0.311897618,0.008226338667406661,0.31542465,0
ampersand-model-patch-mixin,bottom,0.5625341300000001,0.01737110572011753,0.560378,0
ampersand-radio-view,bottom,0.7275539959999999,0.00345480110646473,0.72683007,0
ampersand-sync-localforage,bottom,0.753212644,0.03027915988008802,0.75202787,0
amqp.channel,bottom,0.6302921400000001,0.00846104085104191,0.6331333,0
anchor,bottom,0.23311549999999998,0.027853911102618065,0.22103219,0
angular-chart.js,middle,0.8151709759999999,0.026734360629209544,0.83158547,0
angular-directive-boilerplate,bottom,0.649634922,0.012639801718538545,0.65681624,0
angular-integer,bottom,0.758142312,0.037021225376434,0.7811215,0
angular-names,bottom,0.35816719199999997,0.023688829752153636,0.35118008,0
angular-nl2br,bottom,0.67338353,0.03415977833654662,0.6748804,0
angular-router-loader,middle,0.8098058260000001,0.006755829554916222,0.8124883,0
angular-sockjs,bottom,0.8014218679999999,0.01155716454888999,0.80330324,0
angular-text-toggle,bottom,0.251201154,0.017574054503560924,0.24820107,0
angular-ziptastic,bottom,0.75927134,0.02723538072445111,0.75608206,0
animator-css,middle,0.713984508,0.016181354463125772,0.7116551,0
ansi-colors,top,0.804837174,0.011587577463080012,0.8017552,0
ansi-escapes,top,0.824115828,0.007925645018982378,0.8245374,0
ansi-html,top,0.42525096399999995,0.012845655900563432,0.42502764,0
ansi-regex,top,0.716216992,0.009654618583109295,0.7184659,0
ansi-wrap,top,0.5281012759999999,0.026490315454555876,0.5295733,0
any-promise,top,0.525137816,0.007668523178414438,0.52327776,0
aos,middle,0.5152539540000001,0.09687401450863167,0.4633749,0
apimock-middleware,bottom,0.706451046,0.024546372997257256,0.7158824,0
apostrophe-facebook,bottom,0.6816466880000001,0.007357887673678503,0.68289185,0
appcache-webpack-plugin,middle,0.651722712,0.033401481715976615,0.6350515,0
append-transform,top,0.094641303,0.044802239146981206,0.090226635,0
aproba,top,0.47094312,0.020167254165398916,0.4742424,0
arangojs-extended,bottom,0.7775615979999999,0.013754350912984603,0.7761973,0
arpisea,bottom,0.7968910379999999,0.017171870730848426,0.79748374,0
arr-diff,top,0.425479746,0.06560226544020054,0.4379412,0
arr-flatten,top,0.609160876,0.01745595298957147,0.61484003,0
array-differ,top,0.34975927,0.019057522441728873,0.34824705,0
array-fill,bottom,0.659694848,0.01633062010355916,0.66169775,0
array-find-index,top,0.5060541620000001,0.012709320046749956,0.50013554,0
array-flatten,top,0.77797591,0.014028105747616112,0.77458686,0
array-slice,top,0.56203964,0.020619253402293702,0.5639987,0
array-union,top,0.521385526,0.05052527263233102,0.5314419,0
array-uniq,top,0.62954826,0.021606498099599563,0.6373552,0
array-unique,top,0.6237268300000001,0.023919343302553266,0.61352694,0
arraybuffer.slice,top,0.6502769620000001,0.010875783605180803,0.6479141,0
arrayof,bottom,0.47571828,0.03314172624226822,0.47455963,0
arrify,top,0.424524724,0.047257750872741304,0.412445,0
asapi,bottom,0.39326376,0.007012142402793198,0.39172584,0
asorted,bottom,0.481288598,0.034740835607740043,0.4670938,0
ass-to-vtt,bottom,0.733964494,0.013152351914997196,0.7396221,0
assert-http,bottom,0.53336863,0.015160885353448205,0.5409428,0
asset-inliner,bottom,0.622323496,0.00940402928049092,0.6242065,0
assetment,bottom,0.552544126,0.015634418384381316,0.5558188,0
assets-bower-ci,bottom,0.44958405600000007,0.01676588111134277,0.4554413,0
assign-deep,middle,0.5488565120000001,0.015636023230526666,0.5480528,0
assign-symbols,top,0.64496309,0.04223470425727996,0.6284904,0
ast-types-flow,top,0.881411578,0.01471370030560705,0.8900506,0
async-each-series,top,0.605020756,0.05003540702926557,0.60756916,0
atoa,middle,0.1857072488,0.09741820230721011,0.24406676,0
atool-build,middle,0.5101694059999999,0.031824631067525026,0.51875746,0
attrition,bottom,0.55452572,0.024872829945279624,0.55944854,0
auto-changelog,middle,0.6460364139999999,0.020853623595924048,0.6329813,0
auto-generate,bottom,0.422697982,0.010991090480995074,0.42790788,0
autod-egg,middle,0.716761432,0.020793877526172726,0.7184582,0
autorecordmic,bottom,0.48651469599999997,0.02174258623342864,0.4777381,0
avprober,bottom,0.6023875320000001,0.03639126564337755,0.60861325,0
aws-billing,bottom,0.56469838,0.008380518488461797,0.5669692,0
aws-instances,bottom,0.657303252,0.040886866178925015,0.6725114,0
axios,top,0.51495035,0.027414038110991596,0.50661224,0
babel-loader,top,0.767995988,0.01939441706725728,0.7756469,0
babel-plugin-css-modules-transform,middle,0.46502611399999993,0.02867727878897472,0.44633588,0
babel-plugin-dynamic-import-node,top,0.6833116699999999,0.02668453860608236,0.67552435,0
babel-plugin-precompile-charcodes,middle,0.29252393000000004,0.004351780697737439,0.29303423,0
babel-plugin-root-import,middle,0.45947349,0.035394338315809064,0.44877428,0
babel-plugin-transform-react-remove-prop-types,top,0.62344236,0.02162963148857949,0.62495905,0
babel-plugin-webpack-alias,middle,0.662831626,0.009949089953296244,0.6667446,0
babel-preset-es2015-mod,middle,0.624430162,0.019386093148948808,0.62172043,0
babel-preset-es2015-node5,middle,0.819178176,0.020029500467426294,0.81689537,0
babel-preset-es2015-node6,middle,0.8208597519999999,0.00979168616614983,0.82023597,0
babel-preset-es2015-without-strict,middle,0.84386285,0.014780179817833757,0.8483211,0
babel-preset-power-assert,middle,0.8024477040000001,0.010956799668234755,0.80925,0
babelify,top,0.666728386,0.01432376933429115,0.6661528,0
babelrc-rollup,middle,0.837113882,0.02174617836038598,0.82983667,0
backbone-computed-properties,bottom,0.682647418,0.007388132418495261,0.6822355,0
backbone-db-elasticsearch,bottom,0.798657578,0.009208736357688797,0.7993316,0
backbone-db-mongodb,bottom,0.828530834,0.017162164272366123,0.8257283,0
backbone.declarative.views,bottom,0.74908856,0.010026497545903054,0.7481817,0
backbone.ribs,bottom,0.5390980040000001,0.03616909232810287,0.55570227,0
backpack-ht16k33,bottom,0.45317123400000003,0.013465796559107826,0.45641744,0
barterer,bottom,0.097341984,0.021900997949194687,0.08800833,0
base64-img,middle,0.698264842,0.01502504053559991,0.6946801,0
batch-me-if-you-can,bottom,0.36060190799999997,0.01574255154542997,0.368486,0
beautify-lint,middle,0.689668226,0.010072386903821739,0.68776166,0
becklyn-gulp,bottom,0.76513694,0.01688991146997372,0.76517916,0
beeper,top,0.527853642,0.011846990433072874,0.53248006,0
beercalc_js,bottom,0.726544456,0.012991907815922571,0.7255164,0
benderjs-amd,bottom,0.855946908,0.02786933653486065,0.8609977,0
bepacked,bottom,0.31461877400000005,0.008396463945365936,0.3126765,0
big-red-button,bottom,0.43357200799999995,0.016805272777779292,0.42585385,0
bili,middle,0.80276885,0.024991452654107526,0.8104254,0
bin-pack,middle,0.7245987740000001,0.02469455479376332,0.72853386,0
binary-extensions,top,0.733843516,0.022219235531864705,0.7255398,0
binding,middle,0.65930043,0.022708185249627488,0.65485144,0
bip32-wallet,bottom,0.7156349200000001,0.01030226111520182,0.7181035,0
bitbucket-ips,bottom,0.6354247,0.01832389479480966,0.6402474,0
bitcoin-ops,middle,0.565818714,0.025498896615657296,0.5715605,0
blacklist,middle,0.241803264,0.013087932392403691,0.23918378,0
blender,bottom,0.182719224,0.020815301424902063,0.18733898,0
bloggy,bottom,0.737720132,0.021678923379243712,0.7274957,0
bloggy-marked-toc,bottom,0.70942517,0.0070929602485140094,0.7102473,0
bloggy-rss,bottom,0.82227777,0.018861504326590738,0.8149837,0
blum,bottom,0.746975488,0.017289096267321773,0.7537539,0
bmfont2json,bottom,0.624635434,0.00738840337645961,0.6225731,0
bn.js,top,0.559314624,0.021118973808654427,0.54747885,0
body-parser,top,0.793609658,0.04841308140396891,0.79590815,0
bonjour,top,0.6596735,0.04391124533975956,0.67552185,0
bookshelf-manager,bottom,0.260596436,0.022721739522783668,0.2619624,0
boomcatch,bottom,0.43449029800000005,0.022191179289438864,0.42414296,0
bootstrap-sass-loader,middle,0.756741128,0.023747738907973322,0.76905847,0
bootstrapper,middle,0.28454352,0.02749344594909485,0.27951276,0
boring-config,bottom,0.353696538,0.011470714257652838,0.35482195,0
bossy,middle,0.1579585486,0.08027808620563096,0.17058983,0
boundary,middle,0.49424361999999994,0.008556633551073115,0.49529058,0
boxen,top,0.48016925400000005,0.018439613211218127,0.48894334,0
bpmn-js-debug-overlay,bottom,0.41913218399999996,0.008808950550640534,0.41524804,0
braces,top,0.5575306720000001,0.03508564434890386,0.5487168,0
breadboard,bottom,0.231003426,0.017886051968752918,0.22413546,0
breeze.js.bower,bottom,0.728788056,0.006451326955974251,0.7273991,0
breeze.js.labs,bottom,0.8462088440000001,0.01127911066329611,0.85023576,0
brim,bottom,0.128628118,0.01578088457600113,0.13491553,0
broccoli-autoprefixer,middle,0.569782688,0.013960940110901144,0.5756353,0
broccoli-csssplit,bottom,0.748986034,0.008480931183324129,0.7505697,0
broccoli-i18n-lazy-lookup,bottom,0.489381666,0.02297715414436439,0.48779178,0
broccoli-ng-templatecache,bottom,0.798273242,0.01204789476308289,0.8039095,0
broccoli-splitter,bottom,0.6689656239999999,0.05203204498763364,0.65696657,0
browser-env,middle,0.45710006400000003,0.012755865053904832,0.45287347,0
browser-pdf-support,bottom,0.838699132,0.014084470585617351,0.841731,0
browser-process-hrtime,top,0.764842556,0.009273345730092806,0.76653785,0
browser-stdout,top,0.526952726,0.011085089209017655,0.5292133,0
browserify-aes,top,0.853091942,0.008624002955520155,0.8538902,0
browserify-des,top,0.784603698,0.018467167058106686,0.7815906,0
browserify-dev-bundler,bottom,0.722835766,0.011478317617851492,0.7205301,0
browserify-hmr,middle,0.751001824,0.005195453225275939,0.75282884,0
browserify-sign,top,0.57887265,0.019232287024948443,0.5897251,0
browserslist,top,0.511322416,0.05671951791372597,0.5141331,0
buffer-indexof-polyfill,middle,0.8503982920000001,0.01755476073042073,0.8523512,0
buffer-xor,top,0.664132878,0.04583743740197438,0.6396756,0
buffered-transform,bottom,0.5199360740000001,0.03860726653481802,0.50259984,0
builder-coffee,bottom,0.6911637820000001,0.014766736142987714,0.69125146,0
builtin-modules,top,0.7303235619999999,0.015404469353185126,0.73700625,0
builtin-status-codes,top,0.717263888,0.02053983932392168,0.7243904,0
builtins,top,0.52863255,0.09805187092823955,0.4671764,0
bump-cli,middle,0.40914622200000006,0.02108965500774301,0.4009685,0
bunnydo,bottom,0.15697309399999998,0.01771260244779067,0.16250554,0
busylight,bottom,0.664258214,0.010217438002509722,0.6695541,0
buzzfeed-headlines,bottom,0.5402349940000001,0.01485218747207564,0.5398702,0
caber,bottom,0.086215213,0.019166522453991745,0.079246715,0
cache-base,top,0.342945856,0.01578611289137797,0.3462486,0
cache-wrapper,bottom,0.660511914,0.009954396574729161,0.6618173,0
calendar-matrix,bottom,0.558141164,0.028627963151946923,0.5516098,0
call,middle,0.13211293600000001,0.020178939583420378,0.13482526,0
call-me-maybe,top,0.49607031399999996,0.03219513255495201,0.47563678,0
callback-timer,bottom,0.56696412,0.015111213854153155,0.5591074,0
callback-with,bottom,0.239279712,0.06535217210273557,0.2084027,0
callback-wrapper,bottom,0.666874172,0.03446626074699242,0.67868155,0
caller-callsite,top,0.722656398,0.025731587873293348,0.7174408,0
caller-path,top,0.672296476,0.011369583870225004,0.6685662,0
callsites,top,0.666490976,0.012165017851348603,0.67164445,0
camelcase,top,0.5436114200000001,0.034817585095661796,0.5275395,0
camelcase-keys,top,0.707750108,0.02497434610221694,0.69585854,0
caniuse-lite,top,0.456935366,0.045705549171610224,0.44627368,0
cantina-app-users,bottom,0.629076118,0.005016819821482564,0.6301165,0
capture-stack-trace,top,0.300786634,0.01685248734690758,0.30925155,0
carcass-program,bottom,0.639346628,0.02700893232115937,0.6308161,0
card-dealer,bottom,0.5268046959999999,0.005715686091785498,0.526454,0
catbox-s3,bottom,0.6655058540000001,0.03621386328456732,0.67071813,0
center-align,top,0.65496456,0.03204097079150071,0.6542918,0
cfn-config,bottom,0.5115747780000001,0.01708685281539198,0.50942063,0
chai-shallow-deep-equal,middle,0.673401734,0.04518365349865011,0.66956866,0
chain-args,bottom,0.4459516,0.02244004276703477,0.44946587,0
changelogx,middle,0.483896276,0.01571828151676035,0.4827607,0
charabanc,bottom,0.1013313472,0.02545372648840911,0.110517286,0
check-pages,middle,0.5781907000000001,0.048575342441137724,0.56550074,0
chemical-symbols,bottom,0.6652652619999999,0.014785378758268904,0.67044413,0
choice,bottom,0.28723812,0.00602538723655583,0.28438568,0
ci-info,top,0.502997694,0.021745664889648235,0.50567365,0
cipher-base,top,0.468800896,0.018841163533256915,0.4657932,0
circular-dependency-plugin,top,0.774070734,0.008142897346171105,0.7732309,0
clap,top,0.31748287,0.06346800313131572,0.30248147,0
class-utils,top,0.6477784740000001,0.00945516568097988,0.6511962,0
classlist-polyfill,middle,0.56912708,0.020690559153802503,0.5605895,0
classnames,top,0.7179758700000001,0.05620233649768934,0.7173553,0
clever-tools,bottom,0.495485068,0.02617207373076154,0.48720866,0
cli,middle,0.212633434,0.01855380952981434,0.21485557,0
cli-cursor,top,0.69145827,0.03348738452065942,0.6888248,0
cli-snow,bottom,0.447677,0.027764012792173068,0.43750605,0
cli-spy,bottom,0.5023891340000001,0.0088368871035439,0.5032346,0
cli-width,top,0.23119852999999999,0.03432542760618141,0.21648744,0
cliclopts,middle,0.348916102,0.03773152105883513,0.3416941,0
clingwrap,bottom,0.41494883600000004,0.013084170365387318,0.41188,0
cliui,top,0.4347835,0.018487929314948977,0.42495063,0
clocker,bottom,0.25225783599999996,0.03001216906655082,0.25356627,0
clone-deep,top,0.686559494,0.08448561510071449,0.7159445,0
closest,middle,0.753609368,0.04987313091730525,0.7702981,0
clui,middle,0.6414740720000001,0.017262860834633364,0.6491593,0
cluster-advisor,bottom,0.0725848398,0.016986559056240465,0.076450124,0
cluster-role,bottom,0.653879578,0.02525720804344809,0.6574921,0
clusterjs,bottom,0.678585612,0.009503196796156016,0.67591006,0
co-event-wrap,bottom,0.50155532,0.035029455197048094,0.5034465,0
co-inbox,bottom,0.40938479,0.02151468547098003,0.4097613,0
co-thrift,bottom,0.54504765,0.020970685101469603,0.5447271,0
code-point-at,top,0.398333322,0.013717471117181922,0.39936495,0
code-snippets,bottom,0.6381234680000001,0.0071418132786513,0.63622344,0
codewars,bottom,0.59305106,0.02202805135482368,0.60003304,0
coffee,middle,0.217506106,0.04721999020383401,0.18426229,0
collect-callbacks,bottom,0.128847924,0.017807160155278272,0.12457234,0
collection-visit,top,0.5508247039999999,0.004138952192080768,0.55107,0
color-name,top,0.637461632,0.012429849951150615,0.6416002,0
color-support,top,0.750971846,0.009142986847523068,0.75046027,0
colormin,top,0.49354818199999995,0.01047326523161329,0.49374077,0
colorzy,bottom,0.634494008,0.01544232682911874,0.6387198,0
colsole,bottom,0.470510524,0.03173616222855609,0.47928476,0
command-line-commands,middle,0.33018224799999996,0.05452902462531187,0.31010354,0
command-mapper,bottom,0.48844458399999996,0.012378295933674777,0.48435792,0
commist,middle,0.40467133000000005,0.037678327177686655,0.39288414,0
common-dir,middle,0.64415678,0.030503979379861254,0.6458741,0
commonmark-react-renderer,middle,0.8617819600000001,0.00817687296299753,0.859773,0
comparative-selection,bottom,0.592085458,0.01890158431338284,0.5958928,0
compare-versions,top,0.6324512840000001,0.00535634786290812,0.63437676,0
comparray,bottom,0.500013632,0.02811171057980412,0.50804055,0
complexion-time-map,bottom,0.5328269999999999,0.01791901231359166,0.53261995,0
compose-function,middle,0.629024704,0.026340251976400653,0.6365713,0
composition,middle,0.349813844,0.026800988850378817,0.35008973,0
compression,top,0.841177614,0.018958001221987514,0.8425198,0
concat,middle,0.47700487799999997,0.016204576642023676,0.47443846,0
concat-image,bottom,0.6625191380000001,0.011002700013277175,0.6656362,0
config-lite,middle,0.53387642,0.01379667579403092,0.53911126,0
configurable-http-proxy,bottom,0.597422664,0.055111408988820346,0.60649467,0
confy-node,bottom,0.7356202119999999,0.014269592570277514,0.7378762,0
connect-weinre-injector,bottom,0.668614644,0.02536793884063663,0.68163854,0
consign,middle,0.261776434,0.012449349196591753,0.26607567,0
console.table,middle,0.753688228,0.012671407678244333,0.74588263,0
contact-form,bottom,0.5162011719999999,0.009860453995527773,0.513988,0
contains-path,top,0.61761121,0.01834352287213392,0.614401,0
content,middle,0.379195826,0.014207225797923412,0.37912616,0
content-disposition,top,0.7436329500000001,0.017085677653324097,0.7471551,0
content-type,top,0.695243388,0.03286651699047177,0.69366825,0
contentful-sdk-core,middle,0.786397052,0.009882770973392034,0.7917603,0
contentstream,middle,0.465011126,0.028109237095438555,0.45606598,0
contra,middle,0.317752638,0.04120471243889368,0.3121676,0
contractual,bottom,0.506309756,0.026552377325532058,0.5022714,0
cookie-parser,top,0.697126596,0.012737190451870885,0.69540596,0
cool-ascii-faces,middle,0.14516842000000002,0.019530240796302285,0.13260391,0
copy,middle,0.46234946,0.06830765295473815,0.47442698,0
copy-webpack-plugin,top,0.681468618,0.009847672400197936,0.6775615,0
cordova-lib,middle,0.6974922020000001,0.02602430569195882,0.69428235,0
core,bottom,0.293502716,0.012806183907701777,0.29962826,0
coreos-cluster,bottom,0.78843324,0.012558790404453759,0.7901792,0
corq,bottom,0.26143150400000004,0.03072237849748666,0.25208977,0
correcthorse,bottom,0.0879251132,0.016578423266966052,0.09102693,0
cors,middle,0.596091432,0.014918145575135006,0.5944396,0
cosmiconfig,top,0.503945446,0.047490415875385626,0.4740345,0
couchdb-fauxton,bottom,0.877765292,0.010220710196572507,0.8753731,0
couchdb-user-account,bottom,0.8133179399999999,0.004770434801776439,0.8145517,0
countdown.js,bottom,0.364907302,0.02081659641383816,0.3715738,0
countn,bottom,0.411574724,0.010877295339818151,0.41461587,0
cpa.js,bottom,0.196796282,0.020259823063386317,0.19377118,0
create-cipher,bottom,0.55182282,0.032197472210206204,0.5529717,0
createECDH,top,0.6048918999999999,0.017288191103605955,0.60436046,0
createHash,top,0.5444521499999999,0.008781050285264868,0.54658157,0
createHmac,top,0.438569592,0.0373007530857826,0.44390416,0
crop-rotate-and-sample-in-browser,bottom,0.60312638,0.023517515315866173,0.6023834,0
cross-env,top,0.643515502,0.031285144959117904,0.62986386,0
crossbar-nodejs,bottom,0.41642557599999996,0.020165088409250288,0.4249334,0
crossvent,middle,0.576931508,0.029866534160216302,0.58616257,0
css-declaration-sorter,top,0.709237378,0.012794080077927436,0.7091533,0
css-driven,bottom,0.46087841,0.020047389021139377,0.45784825,0
css-selector-tokenizer,top,0.75673586,0.008824399227879478,0.7530471,0
css-url-versioner,bottom,0.772328126,0.007286527076500813,0.76969486,0
csstree,top,0.60599539,0.02692666175652491,0.62205654,0
csv-join,bottom,0.62575413,0.015401589820762025,0.6257311,0
ctrllr,bottom,0.21872781999999996,0.02253580884538649,0.22104174,0
currently-unhandled,top,0.561472018,0.02767391338918693,0.5579852,0
custom-event,top,0.683876668,0.011994474970757195,0.6874233,0
cyclon.p2p-rtc-client,bottom,0.650074094,0.008637338348610607,0.6504877,0
d3-sankey,middle,0.33766223799999995,0.02074728056976914,0.3417846,0
d3-star-plot,bottom,0.819801558,0.00555561642533214,0.81917256,0
d6,bottom,0.24682072600000002,0.08687227112714811,0.2633384,0
daily-comic.js,bottom,0.707702504,0.016030938786634755,0.71082145,0
dailymotion-sdk-node,bottom,0.8748442040000001,0.01102035174705555,0.8681707,0
danfe,bottom,0.382856062,0.01298319513854814,0.38271236,0
date-fns,top,0.665946354,0.014638474124470068,0.6701777,0
date-math,middle,0.632243892,0.00924502392962126,0.63457716,0
dbcsv,bottom,0.627242928,0.013538860140865578,0.6338126,0
decamelize,top,0.40213474400000004,0.04519240713388068,0.40097427,0
decompress-response,top,0.698016318,0.030201001744680923,0.67804956,0
default-require-extensions,top,0.74503918,0.02174076589513351,0.7544861,0
defaults-deep,middle,0.36314682400000003,0.027111617006432512,0.36249658,0
deferred-interval,bottom,0.7695033139999999,0.01661695581801553,0.77261114,0
define-exceptions,bottom,0.63105776,0.015410972458868383,0.6265733,0
define-properties,top,0.718183148,0.042369200781304815,0.7261809,0
define-property,top,0.47516849,0.020339001302691843,0.46857536,0
del,top,0.5583994480000001,0.024969556867844495,0.5436038,0
delighted-node,bottom,0.7963624300000001,0.00922735381675051,0.79685295,0
denodeify,top,0.703893074,0.02215185708140017,0.6962438,0
dependency-injection,middle,0.792306354,0.024075871153791763,0.78355014,0
derequire-transform,bottom,0.542925646,0.011543251484957844,0.53688496,0
des.js,top,0.5122298279999999,0.01428191863268097,0.5083072,0
detect-browser,middle,0.47593967,0.04177574593014472,0.45696497,0
detect-data-stream,bottom,0.40222676,0.03815786823586717,0.4145714,0
detect-file,top,0.5348547459999999,0.0311874823487498,0.53473413,0
detect-newline,top,0.610234158,0.016507705624444598,0.60412645,0
detect-node,top,0.83396428,0.01112464694252364,0.8323002,0
detect-port,top,0.81906883,0.00541480822120688,0.81875557,0
detect-rename,bottom,0.643097442,0.014426660086552238,0.64169294,0
deuces,bottom,0.40712673600000004,0.018052439371317095,0.4182579,0
dev-web-server,bottom,0.6018256120000001,0.02462122277024377,0.6071985,0
devs,bottom,0.24116850799999998,0.021207606028057956,0.2455024,0
df,middle,0.40126602599999994,0.021114939182734587,0.39938617,0
dial-roller,bottom,0.526746686,0.013704973318572363,0.5216562,0
dialog,bottom,0.6651277,0.015637016710357502,0.6699823,0
diffie-hellman,top,0.7270572200000001,0.024101387312098856,0.73639786,0
dir-glob,top,0.6014802539999999,0.014513580519829693,0.602874,0
directory-path,bottom,0.692868402,0.07278717545841619,0.73742175,0
dirtybit,bottom,0.313648454,0.02100937891187126,0.3022989,0
discord.js-musicbot-addon,middle,0.390745632,0.013232191121517623,0.38531598,0
displayer-api-client,bottom,0.6278884299999999,0.006264423930123221,0.629398,0
dns-packet,top,0.6125251979999999,0.016963296093537392,0.61158586,0
dns-txt,top,0.58666786,0.03852588054578377,0.590502,0
docker-pull,bottom,0.6130324739999999,0.07636225973700479,0.6035151,0
dockerify,bottom,0.46532064799999995,0.02874563079333135,0.44792384,0
dockerspaniel,bottom,0.37234803,0.003400582841484689,0.37095454,0
docooment,bottom,0.358739776,0.007812644017784892,0.36250198,0
dogedc,bottom,0.43881783599999996,0.014121190729682808,0.43118796,0
dom-replace-html-stream,bottom,0.73814547,0.012994363544610452,0.7407952,0
dom-serialize,top,0.67575176,0.02335916379170708,0.6678933,0
dominator,bottom,0.51316382,0.008631421650026718,0.51431954,0
dot-prop,top,0.6334218500000001,0.013797997941464203,0.64112425,0
dotignore,bottom,0.50473346,0.12648111502170195,0.5233153,0
dotpath-compile,bottom,0.74890504,0.018490431686786022,0.75732845,0
download-email-attachments,bottom,0.700874548,0.0369172441402188,0.6903999,0
draftjs-to-html,middle,0.75470556,0.01034215922754045,0.75220966,0
drool,middle,0.20957522599999998,0.0164608573789317,0.20886296,0
droonga-http-server,bottom,0.75866133,0.009027212353229551,0.75657105,0
drop-while,bottom,0.403217038,0.010528614655604972,0.40780464,0
dropbox-auth-cli,bottom,0.59315553,0.021738341923518492,0.60051626,0
dropbox-mock.js,bottom,0.60394372,0.016060410536776436,0.60027516,0
dropbox-sdk-js,middle,0.86043298,0.0018749172365200807,0.8597468,0
dsigner,bottom,0.49496618400000003,0.028710582969217652,0.504161,0
dtree,bottom,0.36250778,0.02602498360457503,0.35258222,0
duplexify,top,0.593851374,0.009858481173404982,0.5910119,0
dustjacket,bottom,0.564959926,0.025690740999295428,0.5703291,0
dynamo-converters,bottom,0.8069381,0.006133974602099348,0.80330515,0
e3x-cs3a,bottom,0.174475252,0.031133157303336094,0.16974396,0
earl-grey,middle,0.345648632,0.017987551387489347,0.35103083,0
edp-bcs,bottom,0.6955584779999999,0.014523516289002468,0.6965784,0
edx-modulestore-node,bottom,0.686878302,0.01294319542538935,0.69012904,0
eightbyeight,bottom,0.33807718200000003,0.04219573799867852,0.3304808,0
ejs,top,0.788148286,0.03543388433878617,0.7930769,0
electron-json-storage,middle,0.61043471,0.03707829139901812,0.6352501,0
electron-reload,middle,0.768435856,0.009881275390751959,0.76859194,0
electron-squirrel-startup,middle,0.737473328,0.023773971671109576,0.7354115,0
electron-store,middle,0.7606124299999999,0.026372540368004013,0.766992,0
electron-window-state,middle,0.8351487479999999,0.022719810427895774,0.84428334,0
element-resize-event,middle,0.73323856,0.023871594822504,0.7282725,0
elixir,top,0.308369044,0.01806379328380614,0.30908144,0
elliptic,top,0.7724216,0.010921003129978521,0.7777777,0
email-obfuscator,bottom,0.6568541939999999,0.01276591923164095,0.65591145,0
ember-assign-polyfill,middle,0.714621904,0.009293508457858096,0.71327776,0
ember-browserify,middle,0.794294558,0.05502797664020017,0.8190175,0
ember-cli-admin-languages,bottom,0.83224754,0.005584919550718695,0.8327756,0
ember-cli-array-slice,bottom,0.8525116580000001,0.008418867228393608,0.85784507,0
ember-cli-autoprefixer,middle,0.5246053780000001,0.023786697183562917,0.5137663,0
ember-cli-deploy,middle,0.815208196,0.02297617264265915,0.8251606,0
ember-cli-github-pages,middle,0.686033738,0.022655438399504,0.68395734,0
ember-cli-jsx,bottom,0.7412194440000001,0.011303847063474854,0.740814,0
ember-cli-typescript,middle,0.684452558,0.014269923019687972,0.6931519,0
ember-dropkick,bottom,0.733630044,0.030182140387425827,0.74783874,0
ember-lodash,middle,0.7877313499999999,0.01676074046969289,0.79933494,0
ember-pdfjs,bottom,0.8301236,0.0062180595382522585,0.8291881,0
ember-power-select,middle,0.8127712340000001,0.014705705421919736,0.8128269,0
ember-sinon,middle,0.75269956,0.02490378206027752,0.76068294,0
ember-test-helpers,middle,0.8639449240000001,0.012246260275589442,0.86294484,0
emic2,bottom,0.46334669799999995,0.022363127276808135,0.45868307,0
emoji-regex,top,0.780921578,0.019798060439548588,0.7806457,0
emoney,bottom,0.20674144600000002,0.007612078411776248,0.20279726,0
enable,middle,0.492996506,0.023708327505798012,0.48742232,0
enb-browserify,bottom,0.83614668,0.005174242248943295,0.83629495,0
enb-y-i18n,bottom,0.58966273,0.012748241482239802,0.5922897,0
encodeurl,top,0.600433454,0.018600985953579993,0.61135733,0
encoding-down,middle,0.5511674120000001,0.02049522552632005,0.5403532,0
ends-with,middle,0.5765505400000001,0.0336260960190408,0.5881447,0
engine.io-parser,top,0.8326005820000001,0.012122794526206378,0.828953,0
epinfer,bottom,0.1324481888,0.041871550697399396,0.14171685,0
eris,middle,0.601749476,0.03232958275584579,0.5889363,0
errorhandler,top,0.694533122,0.027212537991031304,0.68565565,0
erroz,bottom,0.42750481,0.01007169299659691,0.42614254,0
es-abstract,top,0.748367448,0.019969812035232588,0.7443253,0
es-tar,bottom,0.12403613520000001,0.01539753590783003,0.1313528,0
es-to-primitive,top,0.55412336,0.05729253399259802,0.5668256,0
es6-project-starter-kit,bottom,0.7387779520000001,0.021880827404043002,0.7427787,0
esbeautifier,middle,0.671030632,0.01200549195360693,0.670387,0
escallmatch,middle,0.41137111800000004,0.01626143948940468,0.40621534,0
escape-string-regexp,top,0.73978054,0.011871781684229268,0.73793,0
esformatter-quotes,middle,0.8131089420000001,0.007740572144087307,0.8119748,0
eslint-config-kentcdodds,middle,0.646335144,0.015581043055067937,0.64502966,0
eslint-config-node-style-guide,middle,0.798210088,0.007330299584172496,0.7977656,0
eslint-config-peerigon,middle,0.7893676079999999,0.015042615907491605,0.7815635,0
eslint-config-react,middle,0.746284638,0.004244229333674119,0.7462555,0
eslint-config-standard,top,0.8861758820000001,0.003384912514780856,0.88557994,0
eslint-loader,top,0.88281172,0.0038976514993968076,0.88084865,0
eslint-plugin,middle,0.68030165,0.00557448880862633,0.68306905,0
eslint-plugin-css-modules,middle,0.393077464,0.012012247081742446,0.3893472,0
eslint-plugin-github,middle,0.73110897,0.014771145472660528,0.7282363,0
eslint-plugin-import,top,0.787960278,0.013626046924637395,0.7925719,0
eslint-plugin-lodash,middle,0.7796233619999999,0.011329744814788238,0.7821959,0
eslint-plugin-node,top,0.83223635,0.004149893373931433,0.83012915,0
eslint-plugin-react,top,0.758058092,0.014112180236494992,0.7519348,0
eslint-plugin-standard,top,0.622662702,0.015313307808145864,0.6198459,0
espial,bottom,0.335357962,0.026105406566340205,0.33495083,0
espower-source,middle,0.552704866,0.01867130418593412,0.5557971,0
espree,top,0.571128706,0.008412704797856623,0.56775355,0
esri-dump,bottom,0.56190321,0.02754660432713078,0.55173445,0
esri-gnip,bottom,0.512332068,0.02455145637329732,0.52218544,0
estktap,bottom,0.34191918600000004,0.06946330239855955,0.33444875,0
etag,top,0.688230208,0.03451110197597753,0.7014873,0
event-aggregator,middle,0.52156055,0.022215751197726792,0.5260515,0
event-source-emitter,bottom,0.570162708,0.014482732282560513,0.5695884,0
excuses,bottom,0.621580876,0.02059781100180501,0.61567324,0
exec-sh,top,0.6132029,0.009723206269538917,0.6123334,0
execa,top,0.405672312,0.011994294434693516,0.40578204,0
exit-hook,top,0.49645985000000004,0.036905454271500986,0.50649387,0
exp-asynccache,bottom,0.6332522,0.018316903318417396,0.63536435,0
expand-brackets,top,0.6097649740000001,0.03478031479661706,0.61250174,0
expand-range,top,0.57399442,0.035779922612297524,0.5786786,0
exposify,middle,0.46444013799999995,0.05964458646277858,0.48435137,0
express-batch,bottom,0.782499056,0.005626147737833609,0.7812129,0
express-boot,bottom,0.537322556,0.025266284718618224,0.5327987,0
express-fluent-logger,bottom,0.8390438,0.028208165218346782,0.84562975,0
express-orm-mvc,bottom,0.825521738,0.033648906622269624,0.83355665,0
express-qrcode,bottom,0.584194284,0.028187234524267014,0.58161557,0
express-react-views,middle,0.685116108,0.010586870560005941,0.6842408,0
express-request-proxy,middle,0.726812138,0.02925589547752251,0.7404806,0
express-sanitizer,middle,0.59621547,0.024781395541270484,0.5944379,0
express-wrangler,bottom,0.609883282,0.016122843265414424,0.6059159,0
extend-shallow,top,0.61764074,0.028651468592618436,0.61011386,0
extglob,top,0.59293071,0.034506697459430954,0.61034983,0
extract-gettext,bottom,0.537367672,0.023724873470387996,0.5353494,0
extract-text-webpack-plugin,top,0.747134626,0.023381006869011862,0.73870796,0
extract-zip,top,0.778463726,0.025586812352832895,0.7720476,0
fancy-log,top,0.47849496199999997,0.0061761053964468505,0.4755596,0
fast-json-stringify,middle,0.734985666,0.019329274280046826,0.7304995,0
fastfall,middle,0.479218438,0.04032193617277723,0.45581657,0
fastft-api-client,bottom,0.7278141220000001,0.016364200937061365,0.7304275,0
fastparse,top,0.445623518,0.013918465284420556,0.4489258,0
fb-node,bottom,0.519452646,0.01210006605067843,0.51309454,0
fb-xmpp-connector,bottom,0.323662886,0.012207169044208406,0.3297503,0
fetch,top,0.421354546,0.01106453654960433,0.41875386,0
fetch-client,middle,0.766803718,0.011241748611144511,0.7673646,0
fetch-ponyfill,middle,0.7015480080000001,0.031640837486952976,0.7092399,0
fetchr,middle,0.336040712,0.020633641977012212,0.3422883,0
figures,top,0.41808152400000004,0.027617547127948023,0.4366426,0
file-type,top,0.616131054,0.02695903827828399,0.6265322,0
filename-regex,top,0.6911442720000001,0.010921116272200387,0.6883184,0
filetobase64,bottom,0.642774752,0.007989778018212993,0.64458174,0
fill-range,top,0.598183326,0.01967533335470532,0.60087156,0
finalhandler,top,0.689440776,0.030811174202738198,0.68712336,0
find-cache-dir,top,0.652450086,0.02948264251485914,0.6393823,0
find-file-up,middle,0.412611336,0.014757696866228118,0.4164219,0
find-process,middle,0.669886988,0.019317844784880148,0.6636828,0
find-up,top,0.557358438,0.0072120984828079,0.55690914,0
fined,top,0.1466560228,0.07962364513220248,0.12806657,0
first-chunk-stream,top,0.6151126440000001,0.012558074381664988,0.6145992,0
firstline,middle,0.596220648,0.03400621690289174,0.6142562,0
fist-fistlabs_unit_serial,bottom,0.509371534,0.014752390546544628,0.5069801,0
flagged-respawn,top,0.623132654,0.016534683978740822,0.61699325,0
flickity,middle,0.695079868,0.012335003330365168,0.6985125,0
flow-view,bottom,0.5147417919999999,0.026559423502989878,0.5078619,0
flush-write-stream,top,0.669394566,0.014488518456342607,0.6694733,0
fluxer,bottom,0.49805795,0.015948212286883444,0.5038063,0
fluxxor-autobind,bottom,0.73249771,0.025311399533866165,0.7347503,0
fn-args,middle,0.5286328100000001,0.011215853284993528,0.52518225,0
fontpath,bottom,0.6249228920000001,0.011661880261575313,0.6227697,0
for-in,top,0.461520508,0.033041552618436706,0.4398225,0
for-own,top,0.473360894,0.02677129247074803,0.46536195,0
format-url,bottom,0.682080196,0.012729767544550043,0.68415284,0
forwarded,top,0.532030648,0.02697156172321357,0.53593946,0
framework,middle,0.342567478,0.011159783090079294,0.34659854,0
fredApi,bottom,0.7244113999999999,0.007290208053272555,0.7227831,0
freeloader-stream,bottom,0.6058927080000001,0.011560907460849262,0.6031496,0
friendly-errors-webpack-plugin,top,0.739515752,0.009377248004746387,0.7441207,0
from2,top,0.54093276,0.009944456916893453,0.5443457,0
from2-string,middle,0.56251378,0.03213466575844536,0.5574514,0
frozen-express,bottom,0.6660142760000001,0.006742515865916024,0.6662694,0
fruit,bottom,0.420860042,0.03958545081288857,0.4147762,0
fs-temp,middle,0.639605638,0.054549634229554785,0.61626834,0
fs-write-stream-atomic,top,0.769990484,0.0073308767233858,0.7740144,0
fsm2dot,bottom,0.52864906,0.0044002215782844075,0.5262314,0
ftp-generate-response,bottom,0.587352782,0.02286348828420808,0.5815505,0
fuzzy-search,middle,0.665417222,0.01980770450466226,0.6511433,0
fxos-simulators,bottom,0.5936846219999999,0.006304186296661927,0.5921438,0
ga-localstorage,bottom,0.712546814,0.009182871758414188,0.7146822,0
gaffa-frame,bottom,0.659756158,0.015169250461831285,0.65234554,0
gardr-plugin-ext-burt,bottom,0.636533618,0.009005353582071081,0.6323051,0
garnish,middle,0.235241962,0.017513762244939553,0.23552293,0
gcr,bottom,0.190175032,0.031731745460022685,0.18147357,0
gearsloth,bottom,0.37574478,0.029137724374416224,0.36608905,0
gedcomx-date-js,bottom,0.887479428,0.006911507997736077,0.8861355,0
generate-function,top,0.5971798039999999,0.021913527986800286,0.5993517,0
generator-appsngen-web-widget,bottom,0.757727802,0.006767243369276735,0.75701886,0
generator-bangular,bottom,0.5179484679999999,0.060043528488614516,0.47798833,0
generator-lib-java,bottom,0.56272744,0.022405410677012814,0.5540501,0
generator-meshblu-connector,bottom,0.772785608,0.006887654282142812,0.7762445,0
generator-npm-module,bottom,0.81574154,0.018265379527072474,0.8206898,0
generator-react-gulp-browserify,bottom,0.766789682,0.007616727347366443,0.7670368,0
generator-readme,bottom,0.612480744,0.08869225914351218,0.5823195,0
generator-utils,bottom,0.7256394580000001,0.017061037069839014,0.7196624,0
generator-videojs-plugin,bottom,0.8766710520000001,0.007207447301775422,0.87925684,0
geo-tree,bottom,0.49646296,0.007537400227624898,0.4994076,0
geohash-poly,bottom,0.655509028,0.005834104930228805,0.6572019,0
geojson-summary,bottom,0.787405498,0.015818664346351107,0.78568655,0
geojson-vt,middle,0.6856436419999999,0.014018364202478076,0.6904223,0
get-stdin,top,0.635462542,0.010395905069382832,0.63776386,0
get-stream,top,0.566178552,0.02169660515671796,0.5629662,0
get-value,top,0.578293522,0.019558992564327565,0.5715002,0
getpackages,bottom,0.31032817,0.014058214891948398,0.30341023,0
ghost-export,bottom,0.5454328399999999,0.014105390912759183,0.53931785,0
ghost-render,bottom,0.458414052,0.017888935845586793,0.4539108,0
ghpages,middle,0.46013882200000006,0.05372639787346736,0.44690722,0
ghusers,bottom,0.5544545380000001,0.034322115733390036,0.54683864,0
giphy-api,middle,0.7321046379999999,0.0074325337285962075,0.7307444,0
git-clone,middle,0.696103632,0.01247651744747383,0.6952444,0
git-latest-semver-tag,middle,0.748469238,0.016642938247183683,0.74961716,0
git-repository,middle,0.6043901079999999,0.014236233274301194,0.606151,0
gitbook,middle,0.71135918,0.009411355113104052,0.7098116,0
gitbook-grvis,bottom,0.6643726080000001,0.016783655653823504,0.66174144,0
gitbook-plugin-comments,bottom,0.746771832,0.008963346284626122,0.742979,0
gitbook-plugin-lexicon,bottom,0.8062626959999999,0.00358732798838912,0.80709314,0
gitbook-plugin-piwik,bottom,0.8473974460000001,0.008801794239845605,0.8481394,0
github-changes,middle,0.494342422,0.01496938443775731,0.49736747,0
github-jobs,bottom,0.66163564,0.00847922875755814,0.66206,0
github-language,bottom,0.445449378,0.025369435389371007,0.44208682,0
github-todos,bottom,0.70254796,0.006887432209684514,0.7023008,0
gitignoreensure,bottom,0.51481348,0.0367438167312515,0.50222194,0
gl-mat4,middle,0.6669487000000001,0.01638453571054116,0.661088,0
gl-vec3,middle,0.6095847360000001,0.012860494584294965,0.61162364,0
glob-parent,top,0.6244789799999999,0.027244574443515388,0.6237506,0
global-modules,top,0.698740278,0.03543711965358528,0.7210133,0
global-prefix,top,0.468546974,0.05510497378347963,0.46131352,0
globby,top,0.571865462,0.022656880488203173,0.5634794,0
globo,middle,0.11433955300000001,0.02588036313974207,0.10993362,0
globstar,middle,0.417283588,0.045555200509115525,0.42307198,0
glogg,top,0.573824176,0.01468401446400401,0.5802673,0
glry,bottom,0.374070652,0.03065849721346628,0.36868224,0
glue,middle,0.15818600700000002,0.02751347157159143,0.15948357,0
gnar,bottom,0.231641716,0.030006950876613238,0.21648034,0
gocd-api,bottom,0.6600404400000001,0.018179094905220097,0.6528853,0
goodscloud-node,bottom,0.8188773680000001,0.013121070239965945,0.8149395,0
google-cloud-storage,bottom,0.640600284,0.01701982403637095,0.63693875,0
google-fonts-downloader,bottom,0.8180700160000001,0.010284188342717179,0.81288874,0
google-libphonenumber,middle,0.8067727400000001,0.007138385382549792,0.80361426,0
google-maps-react,middle,0.7656088280000001,0.008176730858045898,0.7638285,0
google-maps-services-js,middle,0.855927386,0.006503160841489322,0.8528747,0
googlefonts,bottom,0.6769446880000001,0.008649159315662978,0.6757496,0
got,top,0.69955897,0.028639641702839082,0.6956911,0
governor,bottom,0.0564535312,0.007637525116264082,0.060051564,0
gp-js-client,middle,0.41653810599999996,0.021981286733450785,0.41844922,0
grunt-api-meta,bottom,0.650860866,0.022335001823108967,0.65354323,0
grunt-blogbuilder,bottom,0.712457506,0.010292195463392615,0.7118863,0
grunt-caveman,bottom,0.709689548,0.026817740372827272,0.71473473,0
grunt-check-pages,middle,0.761668374,0.013260125412317188,0.7558695,0
grunt-crowdin,bottom,0.78304022,0.020436594115649468,0.7888675,0
grunt-date-suffix,bottom,0.779597788,0.027434215521280496,0.7832941,0
grunt-gulp,middle,0.6766535,0.03464187740801304,0.66547716,0
grunt-htmllint-http,bottom,0.638446102,0.023222697962231278,0.6454909,0
grunt-jscpd-reporter,bottom,0.544457946,0.02471032001466854,0.54296315,0
grunt-knex-schema,bottom,0.438328176,0.017787262355536338,0.44184566,0
grunt-metascript,bottom,0.7498729,0.026158378247967674,0.7570563,0
grunt-neo4j,bottom,0.817320112,0.013911152801968628,0.8193688,0
grunt-nexe,bottom,0.58098492,0.00867378156152205,0.5859647,0
grunt-npm-helper,bottom,0.727933854,0.009946351080123799,0.7330556,0
grunt-potomo,middle,0.6162983759999999,0.016032697342482,0.6101681,0
grunt-protractor-coverage,middle,0.651000908,0.026323350640454546,0.6690124,0
grunt-sass-lint,middle,0.904904524,0.012570165220054986,0.90733874,0
grunt-serve,middle,0.69829303,0.03221316063904393,0.70634407,0
grunt-slm,bottom,0.822995014,0.01156494471904126,0.8217493,0
grunt-stylus-base-files,bottom,0.742251336,0.029484381869113015,0.7535435,0
grunt-svgstore,middle,0.536053228,0.006387568530350187,0.535911,0
grunt-template-jasmine-dojo,bottom,0.779355236,0.0172093866968489,0.7824845,0
grunt-xunit,bottom,0.8029844340000001,0.01267852718419144,0.79650927,0
gulp-atom-electron,middle,0.797549288,0.01749883143803383,0.80106354,0
gulp-autoprefixer,top,0.514996652,0.012819608703730832,0.51259375,0
gulp-ava,middle,0.534769586,0.019783970453317274,0.5468388,0
gulp-base64,middle,0.700047184,0.011004619231619484,0.70514184,0
gulp-cdn-ref,bottom,0.6508981460000001,0.013688894074467075,0.65526116,0
gulp-changed-in-place,middle,0.7436152779999999,0.015834293329287548,0.74392134,0
gulp-connect-php,middle,0.74775583,0.016357826168977917,0.750147,0
gulp-coverage,bottom,0.766797298,0.015198739224046518,0.76891327,0
gulp-css-inline-images,middle,0.80420566,0.010230697639679764,0.80446225,0
gulp-cssbeautify,middle,0.351410646,0.010894805245690718,0.35105583,0
gulp-develop-server,middle,0.736927294,0.03295652222691406,0.7234019,0
gulp-dotjs-packer,bottom,0.7387985,0.006454221352866643,0.74231434,0
gulp-es6-module-jstransform,bottom,0.726238232,0.01674820829077161,0.7290368,0
gulp-espower,middle,0.750971512,0.029036028103249945,0.7481873,0
gulp-exemplary,bottom,0.21030852000000003,0.04008787965376069,0.19369866,0
gulp-framework-dep,bottom,0.413544522,0.012315176843990921,0.41390443,0
gulp-haste,bottom,0.54725057,0.017871801192430217,0.55182195,0
gulp-html-extract,middle,0.819813974,0.017413365819831612,0.82214034,0
gulp-html5-lint,middle,0.8078235420000001,0.01268880999130417,0.80498147,0
gulp-hub,middle,0.662257532,0.03489110727174074,0.6693393,0
gulp-imacss,bottom,0.68067123,0.025523161087996085,0.6734782,0
gulp-inline-css,middle,0.598594638,0.011955590678955191,0.5936344,0
gulp-istanbul-enforcer,middle,0.785608856,0.008869981615450547,0.78431547,0
gulp-jsdoc,middle,0.669857672,0.02496689033634186,0.671119,0
gulp-jsonminify,middle,0.611117406,0.027321549700752356,0.6173424,0
gulp-mock,bottom,0.8192066279999999,0.021396865528458115,0.8296958,0
gulp-mustache,middle,0.810266592,0.03073994144456559,0.8058598,0
gulp-natural-sort,middle,0.505459368,0.01625098602709913,0.5040588,0
gulp-p4,bottom,0.7347094679999999,0.009709818772619805,0.73986244,0
gulp-pleeease,middle,0.645758722,0.034223498868670196,0.64578366,0
gulp-plumber,top,0.40825887400000005,0.018547469374090624,0.40494668,0
gulp-processhtml,middle,0.5265333400000001,0.024957099165764475,0.534119,0
gulp-reduce-file,middle,0.528966426,0.025469806744289978,0.53311956,0
gulp-remote-src,middle,0.8312891739999999,0.019769101465028246,0.83212316,0
gulp-serve,bottom,0.30632561599999997,0.015080186794634881,0.30482948,0
gulp-sloc,bottom,0.6738310679999999,0.016536695320048662,0.6775329,0
gulp-sourcemaps,top,0.8367982380000001,0.009170248243107694,0.8362367,0
gulp-standard,middle,0.624594324,0.057543039523790175,0.6027099,0
gulp-strip-comments,middle,0.5917643499999999,0.008945549276176388,0.5950688,0
gulp-strip-css-comments,middle,0.682075314,0.01265045570971575,0.6832,0
gulp-stylint,middle,0.814947886,0.009330524228594022,0.8135099,0
gulp-subtree,middle,0.702959328,0.009457656483493665,0.70184886,0
gulp-tape,middle,0.766081186,0.016105458819790915,0.7573821,0
gulp-use-asset,bottom,0.41359197600000003,0.010523334799175122,0.41187736,0
gulp-wrapper,middle,0.696526506,0.011617156989874033,0.69473344,0
gulplog,top,0.8197280960000001,0.012976371090995746,0.82042086,0
gunzip-maybe,middle,0.464313906,0.016038171761671594,0.4584319,0
gzip-size,top,0.6801318860000001,0.040403469693757445,0.6824039,0
gzip-size-cli,middle,0.664992284,0.015198017018989023,0.6669744,0
hammer-draggables,bottom,0.807564296,0.009036293029352771,0.8126209,0
handle-callback,bottom,0.425941756,0.02649762451009393,0.41347888,0
handpipe.js,bottom,0.36663605,0.026120713875371987,0.35369223,0
hapi-auth-jwt2,middle,0.713985604,0.013585572919344603,0.7175374,0
hapi-bookshelf,bottom,0.401006414,0.013139686419659326,0.4031797,0
hapi-boom-jsend,bottom,0.80651863,0.021039559902882914,0.8013182,0
hapi-cors-headers,middle,0.721422166,0.012004921196483583,0.7151451,0
hapi-jwt,bottom,0.7548666159999999,0.021381609420827785,0.75574726,0
hapi-magic-filter,bottom,0.487660628,0.02861441040412278,0.47895053,0
hapi-monit,bottom,0.764835154,0.029498712947369953,0.7643866,0
hapi-route-directory,bottom,0.8417035119999999,0.026713813691229504,0.841128,0
harmony,bottom,0.0885152484,0.025801544033954623,0.075196855,0
has-ansi,top,0.65551141,0.045894640750559296,0.63224137,0
has-flag,top,0.578239064,0.05375230059904537,0.59515464,0
has-gulplog,top,0.802159136,0.010693551000050455,0.8022846,0
has-key-deep,bottom,0.701043316,0.012252613854256971,0.70488673,0
has-require,middle,0.46790915,0.037248812140707264,0.46168166,0
has-unicode,top,0.5487244139999999,0.04538778997549649,0.52091587,0
has-value,top,0.55866121,0.023242822945277082,0.5595362,0
hash-base,top,0.531199064,0.026827173339894213,0.53388685,0
hash-sum,top,0.43719098,0.0111634229603357,0.43933707,0
hash.js,top,0.7726149,0.01838722053057506,0.7705275,0
haypeaeye,bottom,0.225028798,0.03505432750284649,0.21402332,0
hbars,bottom,0.5063474400000001,0.018264744333359794,0.5119313,0
heartbleed.js,bottom,0.59696309,0.0377177906084185,0.6126553,0
help-me,middle,0.507673738,0.09265090914354387,0.53662485,0
helper-coverage,middle,0.5096553260000001,0.03902825490980068,0.50775355,0
heroku-cli-util,middle,0.484991564,0.016081924796555905,0.48356402,0
heroku-proxy,bottom,0.747267246,0.006075936358585405,0.7494147,0
hershey,bottom,0.65348898,0.11945949383140732,0.6941725,0
hexo-cli,middle,0.706165618,0.012100918280408346,0.7121939,0
hexo-generator-json-content,middle,0.7180316760000001,0.00563693490108141,0.71750796,0
hexo-migrator-joomla,bottom,0.711019416,0.022296778124092972,0.7241094,0
hexo-renderer-haml,bottom,0.824805914,0.014579930854722175,0.8271883,0
hexo-renderer-jade,middle,0.830391112,0.023642933581151018,0.8349171,0
hideout,bottom,0.22289375199999997,0.030189338034154876,0.22050782,0
high5,bottom,0.235489926,0.009370950042243835,0.23859546,0
hipku,bottom,0.39930843,0.11534206729250868,0.38728526,0
hmks,bottom,0.16990560999999998,0.004502655556230137,0.16879189,0
hogan-brisket,bottom,0.6313943999999999,0.05066949350215571,0.66176,0
hoist-non-react-statics,top,0.40373119200000007,0.019908374558385483,0.3981441,0
homedir-polyfill,top,0.738774808,0.052907182681544436,0.766847,0
hotkeys,middle,0.557560826,0.020479154267187886,0.5577793,0
hotpath,bottom,0.451544996,0.009347338219227449,0.45360065,0
html-comment-regex,top,0.790077042,0.02107750594874352,0.7921332,0
html-pipe,bottom,0.697596028,0.008220230834162753,0.70124054,0
html-webpack-harddisk-plugin,middle,0.744973992,0.015563411829419676,0.7386236,0
htmlizer,bottom,0.13992389,0.0328633343038294,0.13146944,0
http,middle,0.412854322,0.017521517845943614,0.40781468,0
http-errors,top,0.689740968,0.019018807599745023,0.6966023,0
http-proxy-middleware,top,0.773860632,0.010885444345230927,0.77700686,0
http-request-builder,bottom,0.45693921,0.012849676858277407,0.45680565,0
hugo-bin,middle,0.613258678,0.022059162835926484,0.6079613,0
humanb,bottom,0.332590494,0.02917348266990899,0.3433144,0
humanize-string,middle,0.509341014,0.023328039148852158,0.5147859,0
husky,top,0.481141656,0.013095006152365092,0.48308346,0
i18next-sprintf-postProcessor,middle,0.7740057800000001,0.01847234635345491,0.7643134,0
i18next-xhr-backend,middle,0.63107181,0.020394732265067852,0.63476056,0
ice-cap,middle,0.752339182,0.04281189842701052,0.77033633,0
iconify,bottom,0.644194484,0.07149613270151697,0.68535054,0
icss-utils,top,0.406067542,0.015916372165497385,0.40174818,0
iframe-api,bottom,0.588649042,0.012233452344756127,0.5835662,0
ify,bottom,0.5724250879999999,0.04556396869881586,0.55997473,0
imagemin-cli,middle,0.370670082,0.06036199542067195,0.33976704,0
imagemin-jpeg-recompress,middle,0.8318629059999999,0.02290022117719781,0.8376839,0
imapseagull,bottom,0.601389792,0.006765259770867632,0.5992354,0
immer,top,0.5049627219999999,0.045526931503348876,0.5105968,0
impersonate,bottom,0.24834325599999998,0.02566113576389556,0.24809144,0
import-cwd,top,0.49615534199999994,0.0073895791395261696,0.4964548,0
import-from,top,0.52644516,0.02667078897430199,0.5192103,0
import-glob-loader,middle,0.655898112,0.007891378816881114,0.65494156,0
import-lazy,top,0.732792348,0.07075948936350883,0.76415294,0
in-publish,top,0.7216818899999999,0.027491167682047457,0.7335809,0
indent-string,top,0.657047426,0.017743990949670267,0.65875185,0
indexeddb-mock,bottom,0.771102206,0.02448730395886777,0.78032756,0
infer,bottom,0.29919778799999996,0.027969529326367315,0.28976712,0
inflight,top,0.595237582,0.007262364351071876,0.59779364,0
inject-lr-script,middle,0.5084771,0.06950404449896748,0.488574,0
injectify-view,bottom,0.39742667000000004,0.01700000842863616,0.3927703,0
innkeeper-storememory,bottom,0.802242398,0.0075204604649529265,0.80183446,0
int64-buffer,middle,0.758790286,0.014295538797470374,0.7657434,0
internal-ip,top,0.639511656,0.02364153233629077,0.63254464,0
interpret,top,0.360479184,0.09270398730085688,0.3632551,0
invariant,top,0.604637714,0.01826051334443477,0.59593666,0
invert-kv,top,0.545581566,0.01651629170351744,0.5384029,0
ioBroker.js-controller,bottom,0.7390792580000001,0.023954984203983957,0.72764534,0
ios-icon-resize,bottom,0.40661450400000004,0.01739221813390343,0.41483253,0
ios-splash-generate,bottom,0.637939026,0.011995008941725697,0.63293195,0
iostreams,bottom,0.468098842,0.007584790372978034,0.4710014,0
ip-regex,top,0.780109926,0.013047574788165789,0.7737551,0
ipod,bottom,0.49376981799999997,0.030132260700558505,0.47471124,0
iputil,bottom,0.232480734,0.009678560609800399,0.22665635,0
is-absolute,top,0.642391008,0.02523127238443038,0.6498157,0
is-absolute-url,top,0.730205648,0.04082032600796531,0.74476147,0
is-accessor-descriptor,top,0.7055359360000001,0.018542708365223513,0.702474,0
is-async-supported,middle,0.666266354,0.015383847533093938,0.6748484,0
is-binary-path,top,0.693133386,0.01329609631223504,0.69108063,0
is-buffer,top,0.590999086,0.016042738891956065,0.5919136,0
is-builtin-module,top,0.681052086,0.009396337190904753,0.68149364,0
is-ci,top,0.535594844,0.0451107447339309,0.5325825,0
is-class,middle,0.650346636,0.07414665437647357,0.67651963,0
is-data-descriptor,top,0.68803645,0.01838207126047008,0.691918,0
is-descriptor,top,0.676509528,0.03218639738066259,0.6728083,0
is-directory,top,0.592891024,0.01922220299550834,0.59392023,0
is-dotfile,top,0.6491304600000001,0.013005278450757994,0.6441946,0
is-equal-shallow,top,0.646465148,0.0110928377692329,0.6463231,0
is-extendable,top,0.590993208,0.019602066541217524,0.5951389,0
is-finite,top,0.246660624,0.01197286489692545,0.24394031,0
is-fullwidth-code-point,top,0.692322112,0.02681584297509068,0.6892259,0
is-generator-fn,top,0.664939898,0.012895935071138525,0.66357434,0
is-glob,top,0.515526002,0.03047485111452588,0.52835655,0
is-invalid-path,middle,0.510406784,0.033839496791013744,0.50036466,0
is-it-purple,bottom,0.471887188,0.017343303687548113,0.47716704,0
is-keyword,bottom,0.5447652620000001,0.006768188926760256,0.54321,0
is-localhost,bottom,0.694265116,0.01420025979151541,0.6888598,0
is-my-json-valid,top,0.550024622,0.01239432232158824,0.5518441,0
is-npm,top,0.481841694,0.011038016122382675,0.47593516,0
is-number,top,0.698942862,0.02634287327318758,0.7042929,0
is-obj,top,0.59789688,0.020076967098572193,0.60653234,0
is-odd,top,0.0593834886,0.005006891551620607,0.057203703,0
is-online,middle,0.532396828,0.04089126685261373,0.51874506,0
is-path-cwd,top,0.6157709739999999,0.04078207809976434,0.5958781,0
is-path-in-cwd,top,0.538462192,0.02181080151901509,0.5459825,0
is-path-inside,top,0.612004196,0.03011845399852603,0.6072657,0
is-plain-obj,top,0.6274774219999999,0.010151754309227547,0.6339905,0
is-primitive,top,0.6614854880000001,0.021352274710478042,0.6665368,0
is-regexp,top,0.558333966,0.052109246282897585,0.5536538,0
is-relative,top,0.6692382560000001,0.014008485411293752,0.66829425,0
is-root,top,0.575768486,0.03174038725774117,0.58395046,0
is-stream,top,0.7445938360000001,0.030789285165778505,0.74808717,0
is-svg,top,0.690042908,0.00781563497853307,0.68952686,0
is-travis,middle,0.732559596,0.026800565759462606,0.74041927,0
is-type-of,middle,0.58726718,0.05227845142907352,0.6092727,0
is-typedarray,top,0.6249828799999999,0.03290966486523376,0.6461588,0
is-valid-path,middle,0.527926534,0.02904358157020204,0.54342186,0
is-windows,top,0.512219998,0.03257578563613961,0.50973594,0
isModule,bottom,0.605846152,0.07233332338032021,0.64514816,0
isexe,top,0.5620900600000001,0.016249029219864177,0.5583131,0
iso-http,bottom,0.650908848,0.021377857230011836,0.65993065,0
isobject,top,0.357782286,0.017066266834014417,0.36422324,0
isomorphic-form-data,middle,0.719064802,0.025890774685571303,0.7276205,0
isstream,top,0.68984907,0.038273660575679186,0.68838304,0
issuemd,bottom,0.217905786,0.05261991702120861,0.18633205,0
istanbul-instrumenter-loader,top,0.690746192,0.02549568947350358,0.6940414,0
istanbul-threshold-checker,middle,0.48109365000000004,0.01941700002053614,0.4850021,0
itbit,bottom,0.654830852,0.007619037706070302,0.6599395,0
jQuerySimpleMask,bottom,0.392334056,0.02846896685686064,0.39235723,0
jasmine-jsonpath,bottom,0.793599972,0.017474609679644326,0.79443276,0
jasmine-n-matchers,bottom,0.46010248000000004,0.015757453390919475,0.4633688,0
javascript-sdk,middle,0.563321506,0.01426828131371044,0.5584507,0
jekyll-meta-from-markdown,bottom,0.72232451,0.01172911992576601,0.7200123,0
jenny,bottom,0.382783788,0.006603398902381256,0.38442612,0
jhipster-core,middle,0.596581806,0.029626353991757576,0.5797249,0
jisonify,bottom,0.76827609,0.018248186039521785,0.76693755,0
joi-assert,middle,0.740062308,0.016594424549592562,0.7359179,0
joi-machine,bottom,0.646695638,0.015166139672135436,0.6493466,0
join-path,middle,0.609387088,0.02137268678289469,0.61941624,0
jpeg-recompress-bin,middle,0.5760122560000001,0.023959120556780213,0.5856428,0
jpegoptim-bin,middle,0.54843602,0.022520359352701264,0.54544896,0
jqueue,bottom,0.432040852,0.02162328389083098,0.43900573,0
js-commons,bottom,0.42730892200000004,0.028088754980855224,0.41995654,0
js-ipld-dag-cbor,middle,0.850541912,0.01841780015318659,0.8517719,0
js-libp2p-crypto,middle,0.8384127720000001,0.013908803240571064,0.83509636,0
js-m4,bottom,0.6529570600000001,0.01032967548198151,0.64866745,0
js-multiaddr,middle,0.79974352,0.030988801707181258,0.818122,0
js-multihash,middle,0.8349983139999999,0.01619260734909545,0.8409879,0
js-peer-id,middle,0.78416162,0.021401723604952936,0.793956,0
js-peer-info,middle,0.523749228,0.025761008992912497,0.5321043,0
js-sha256,middle,0.6360759039999999,0.008896859489355242,0.63664055,0
js-symbol-tree,top,0.48329937999999995,0.015044390192153015,0.48584795,0
jsdelta,bottom,0.507769778,0.03483274498673656,0.5209479,0
jsdoccer,bottom,0.55536652,0.014440718438561165,0.5615431,0
jshint-reporter-bamboo,bottom,0.681461562,0.003990555251179954,0.6805576,0
json-fling,bottom,0.750936874,0.01638387139621098,0.74780905,0
json-readdir-stream,bottom,0.575474862,0.01765222644102493,0.5769282,0
json-schema-view,bottom,0.585723432,0.004776190198277272,0.5870428,0
json-silo,bottom,0.333958354,0.017727610118004625,0.33004874,0
json-stringify-pretty-compact,middle,0.673069072,0.008699091025111157,0.6713922,0
json-web-crawler,bottom,0.500906732,0.01803441664230146,0.5067395,0
jsonist,middle,0.5936577599999999,0.02016987947442918,0.5919524,0
jsos-util,bottom,0.667798094,0.008835617396264935,0.6662105,0
jstransformer-markdown-it,middle,0.8316571180000001,0.012017235072953403,0.82952935,0
jthoober,bottom,0.257898576,0.032747498897409404,0.25837082,0
jwt,middle,0.401479038,0.025125823934494574,0.41413143,0
jxt-atom,bottom,0.75617776,0.016067904176937663,0.7574307,0
kardia,bottom,0.35017899,0.029227101880207,0.33883256,0
karma-bamboo-reporter,bottom,0.754349592,0.018837014738013004,0.74346256,0
karma-chai-factories,bottom,0.788041266,0.028031303795028537,0.78837,0
karma-chai-js-factories,bottom,0.82311105,0.013467629614594384,0.82666016,0
karma-electron,middle,0.75090746,0.019124275145949984,0.7585304,0
karma-gzip-preprocessor,bottom,0.875981572,0.012578496797279508,0.8781029,0
karma-jasmine-cucumber,bottom,0.675577612,0.03844449168236872,0.6569182,0
karma-jasmine-jquery,middle,0.7699815879999999,0.025310207463604878,0.7833973,0
karma-jenkins-reporter,middle,0.809895534,0.022187316600192557,0.8068203,0
karma-lodash-template-preprocessor,bottom,0.649228,0.008061944778761564,0.6529407,0
karma-ng-server-side-template2js-preprocessor,bottom,0.6656889180000001,0.01999482719845612,0.6734702,0
karma-nunjucks,bottom,0.675891752,0.028589263879584586,0.669584,0
karma-sets,bottom,0.45969321599999996,0.0183356554694366,0.4527575,0
karma-systemjs,middle,0.767143986,0.021164235645498276,0.76876605,0
karma-tap-reporter,middle,0.759402092,0.012352356171964543,0.76310456,0
karma-webpack,top,0.731014242,0.019093494756259786,0.73810315,0
ketch,bottom,0.606227236,0.018758476052124537,0.60605586,0
key-remap,bottom,0.660641926,0.007805596228743852,0.662621,0
keystone,bottom,0.331072824,0.018835605748245256,0.32940686,0
kimi,bottom,0.378896938,0.013650254891655672,0.37792233,0
kind-of,top,0.42673591,0.018046215352161787,0.43446612,0
kindle-periodical,bottom,0.455008728,0.011581274985193563,0.45803925,0
kiss,bottom,0.13614876599999998,0.01655861577677555,0.12959863,0
kmath,bottom,0.447607022,0.014764361409150776,0.4442434,0
kmp-matcher,bottom,0.360748232,0.013382917889898661,0.36077476,0
knex-schema-builder,bottom,0.8484030459999999,0.006317367462961152,0.8488225,0
knockout-else,bottom,0.674238828,0.02217582564470306,0.6780046,0
knowhow,bottom,0.29175073,0.020912589874855315,0.28721422,0
koa-barista,bottom,0.738267114,0.033133904859166244,0.7408611,0
koa-connect,middle,0.8464151040000001,0.023993437829524938,0.85198426,0
koa-helmet,middle,0.706992286,0.030882803770733463,0.69724065,0
koa-nunjucks,bottom,0.661191098,0.01585619126811417,0.6664747,0
koa-passport,middle,0.825529126,0.02606048562964205,0.81295526,0
koala,middle,0.578246986,0.013672795159345793,0.5845667,0
konva,middle,0.904942366,0.019542476733029036,0.89689994,0
krampus,bottom,0.033551802199999994,0.012115819889603639,0.030456241,0
lag,bottom,0.18342881,0.035956951488931174,0.19921657,0
laravel-mix,top,0.374787822,0.026015789143280278,0.3693231,0
lark-bootstrap,bottom,0.593516154,0.011260259210083908,0.5906044,0
lark-log,bottom,0.829134966,0.013921803104902762,0.8227189,0
lark-router,bottom,0.78429747,0.010582579597874498,0.7800441,0
lark-views,bottom,0.742895934,0.021916943809203414,0.74206907,0
lasercat-workshop,bottom,0.46747479,0.009622197427264226,0.46434063,0
latest-version,top,0.7762518,0.021141676811425165,0.77564955,0
latex-watcher,bottom,0.6889823780000001,0.007236861078704627,0.6862241,0
lazy-cache,top,0.6718519620000001,0.04778880074600346,0.65141386,0
lcd-pcf8574,bottom,0.533701056,0.04082540160268946,0.53611374,0
lcid,top,0.7093645239999999,0.031554621522814685,0.7217952,0
led-canvas-fonts,bottom,0.810265866,0.008386840012262056,0.8106023,0
lego-client,bottom,0.6341709919999999,0.007432894161786519,0.632287,0
leinwand,bottom,0.402568506,0.030997289083940564,0.39268038,0
leo-platform-arduino,bottom,0.680881014,0.020263576801344323,0.6939346,0
less-runner,bottom,0.56560465,0.010530766364799856,0.5639895,0
less-stream,bottom,0.6186174959999999,0.012282509780589616,0.6157637,0
level-fancy,bottom,0.544481594,0.047812420564044646,0.5393552,0
level-random,bottom,0.5809342080000001,0.013883035663403001,0.57739204,0
level-rest,bottom,0.523284502,0.025873961183128097,0.5160345,0
leven,top,0.69740323,0.002434403628612117,0.697171,0
levenshtein-edit-distance,middle,0.8169763700000001,0.015385837399602285,0.8172506,0
libphonenumber-js,middle,0.82450456,0.010082805093970661,0.8224291,0
license-gen,bottom,0.41423346,0.014406063400778496,0.41010883,0
licensify,middle,0.471830222,0.005569607602737377,0.46940005,0
lightbox,bottom,0.534041864,0.010309098291108248,0.531142,0
line-length.js,bottom,0.531753056,0.013341689396994719,0.5298271,0
linerstream,middle,0.491524976,0.021854836861988483,0.49228987,0
lines-and-columns,middle,0.621670664,0.04025901620018406,0.61646456,0
lintspaces-cli,middle,0.647433614,0.02400056759731903,0.6524178,0
liquid-fire,middle,0.693462402,0.01472876446026853,0.68937683,0
load-grunt-configs,middle,0.738393882,0.04749288595828977,0.74981475,0
load-json-file,top,0.581036914,0.0045054335299036215,0.5820787,0
loader-runner,top,0.76403504,0.030784610707104948,0.7721494,0
loadjs,middle,0.56073206,0.027452269264725646,0.5556361,0
log-symbols,top,0.598411924,0.04702877953633848,0.59848595,0
logbrok,bottom,0.43635888200000006,0.011218091483051838,0.4405269,0
loglog-server-mongodb,bottom,0.751331274,0.009245028245691326,0.7527387,0
longest,top,0.760059048,0.01629448728236856,0.7637147,0
lookup-deps,bottom,0.268382194,0.024672927252727437,0.27585036,0
loopback-component-passport,middle,0.76289356,0.0252235642603291,0.77271897,0
loopback-connector-kafka,bottom,0.7759988520000001,0.011741213807621002,0.77676445,0
loopback-phase,middle,0.7320576040000001,0.012278355250143622,0.7307727,0
loopback-swagger,middle,0.770780684,0.01383984294649078,0.7695463,0
loose-envify,top,0.39872555800000004,0.01693335186278604,0.39230785,0
loud-rejection,top,0.6458736780000001,0.017581031118694947,0.63879573,0
lowercase-keys,top,0.80836384,0.005596145638115562,0.8059072,0
lru-memoize,middle,0.8455849759999999,0.007253841314946838,0.84799874,0
ls-fs,bottom,0.444425166,0.04274742584936233,0.43210483,0
m-date-picker,middle,0.572705242,0.005053475808027581,0.5708107,0
m-picker,middle,0.531226172,0.055161087397937736,0.54436886,0
m3u8downloader,bottom,0.666179928,0.010561137170916775,0.66712624,0
machine,middle,0.284383948,0.016991921262460876,0.28125158,0
map-cache,top,0.711647188,0.018880658040189437,0.7151851,0
map-obj,top,0.601182252,0.01185064131566391,0.599493,0
map-props,middle,0.6147832120000001,0.010783470811944957,0.61236787,0
map-visit,top,0.709866166,0.013881005297804623,0.7097273,0
markdown-extensions,middle,0.6539702199999999,0.009252529962502183,0.6496124,0
markdown-it-abbr,middle,0.847250166,0.008885625872021078,0.8486293,0
markdown-it-attrs,middle,0.548776038,0.02211501749825945,0.5538106,0
markdown-it-deflist,middle,0.7767619800000001,0.03479345956571077,0.76679015,0
markdown-it-mark,middle,0.715768994,0.008161935105793237,0.7160715,0
markdown-it-sup,middle,0.8235611580000001,0.011107023320846161,0.8246104,0
markdown-it-table-of-contents,middle,0.8384931,0.018102312322877394,0.834194,0
marko,middle,0.343303694,0.030469693918251464,0.32853997,0
match-at,middle,0.27010289800000004,0.047288156631113985,0.2613169,0
md5.js,top,0.7021505720000001,0.008287441218758063,0.700169,0
meanio,middle,0.672255708,0.020881948945789746,0.66341114,0
media-typer,top,0.535642098,0.026456312679557604,0.54480135,0
mem,top,0.595008382,0.0231050234039466,0.59673405,0
memfs,middle,0.44858103399999993,0.02182646279406447,0.44774204,0
memory-fs,top,0.622808016,0.04224614201386354,0.6015373,0
menubar,middle,0.7108387,0.09482701233823092,0.7422351,0
meow,top,0.378876424,0.07732658846183654,0.40524215,0
merge2,top,0.5379458579999999,0.023690266083010173,0.5510892,0
merkle-lib,middle,0.555329968,0.021669538226231803,0.5540535,0
method-override,top,0.510262182,0.01500302905586471,0.51549494,0
micromatch,top,0.782407066,0.014104542836458006,0.78901434,0
mime-db,top,0.45970246800000003,0.04128811816417793,0.45568204,0
mime-types,top,0.588280972,0.017983989880187037,0.594817,0
mimic-fn,top,0.5328452699999999,0.031154401078799455,0.5345177,0
minimalistic-crypto-utils,top,0.835922912,0.004977489111662616,0.8371213,0
mississippi,top,0.49741522,0.02499298309615815,0.49475047,0
mixin-deep,top,0.57292924,0.026817029823089113,0.56614363,0
mixin-object,top,0.38032241,0.04036935187933291,0.3979842,0
mocha-clean,middle,0.6639882779999999,0.028665442321618207,0.6770438,0
mocha-eslint,middle,0.78972083,0.009101543343812657,0.7870356,0
mocha-fivemat-progress-reporter,middle,0.8313786679999999,0.020443690681164233,0.8241794,0
mocha-text-cov,middle,0.69590978,0.03699224863729223,0.6791387,0
mocha.parallel,middle,0.6780273720000001,0.010615507071681532,0.6723175,0
mochawesome-report-generator,middle,0.76439856,0.01411833955120078,0.7678312,0
modify-babel-preset,middle,0.7317127080000001,0.009444880591533185,0.72989964,0
mongoose-deep-populate,middle,0.685322454,0.024115611431756848,0.68283653,0
morgan,top,0.6305339099999999,0.03807438271532183,0.62642205,0
mount-point,middle,0.542234888,0.03602412312471006,0.55152446,0
msgpack-lite,middle,0.685815846,0.01019588589085227,0.6874552,0
multicast-dns,top,0.68743925,0.01857842913946713,0.69620275,0
multicast-dns-service-types,top,0.56144498,0.018971851013477828,0.56010884,0
multipipe,top,0.509833216,0.02077616158423953,0.51708066,0
multireducer,middle,0.713194822,0.024596488721655353,0.7126732,0
nanomatch,top,0.747997432,0.006174402390553245,0.74707013,0
nash,middle,0.272798826,0.09823329579442237,0.27106035,0
nativescript-dev-webpack,middle,0.84838162,0.005800866957959818,0.8498837,0
nativescript-hook,middle,0.8066833040000001,0.010007781490037131,0.8119588,0
ncname,top,0.547749564,0.03451179696422274,0.5591976,0
neo-async,top,0.8338301579999999,0.011527393641253884,0.8357177,0
ngtemplate-loader,middle,0.67792486,0.006772735649499391,0.6770576,0
node-MarkerWithLabel,middle,0.644669838,0.025591895823389454,0.6342205,0
node-accept-language,bottom,0.282920118,0.0064684429028685295,0.28579253,0
node-adif,bottom,0.483114752,0.019647162040470883,0.4816274,0
node-ansi,bottom,0.704853372,0.012669017111035845,0.70517194,0
node-app-root-dir,middle,0.731526256,0.00729586150415973,0.7357315,0
node-app-root-path,top,0.5837294359999999,0.010841389951211484,0.5821115,0
node-areacodes,bottom,0.5603714240000001,0.011638302453817336,0.5636489,0
node-argx,middle,0.653573262,0.022362866624612794,0.6431767,0
node-artstack,bottom,0.757474762,0.015655455669622658,0.75794315,0
node-assetmanager,middle,0.612118584,0.004360575847319927,0.61214566,0
node-basecontroller-core,bottom,0.56407568,0.01315511610047588,0.5617489,0
node-bcat,bottom,0.28455094999999997,0.007077656851599952,0.28294796,0
node-bcrypt-pbkdf,top,0.5968814160000001,0.025129495439332426,0.59378976,0
node-benchmarks,bottom,0.79718974,0.006298557624408987,0.7959702,0
node-cmd,middle,0.51123002,0.009676872281447663,0.5088104,0
node-comment-json,middle,0.649794078,0.01469911197824617,0.65662503,0
node-constant-contact,bottom,0.728407528,0.00755692768073903,0.72724754,0
node-cross-spawn,top,0.709395494,0.04021383834484074,0.7226551,0
node-ddate,bottom,0.598229406,0.012099804083855257,0.5942081,0
node-directory-tree,middle,0.730767108,0.027809655483088398,0.7333299,0
node-dom-urls,top,0.5228933120000001,0.005204907517691364,0.5261613,0
node-elm-compiler,middle,0.83963334,0.021405320245864102,0.837462,0
node-engine-light,bottom,0.458354394,0.01792922268784065,0.4584063,0
node-fetch-politely,bottom,0.44336971199999997,0.010733573555385437,0.44898313,0
node-file-index,bottom,0.47392360599999994,0.011601335148911956,0.48015338,0
node-file-lookup,bottom,0.01473528844,0.010463655170786653,0.015077943,0
node-fixturify,middle,0.331675338,0.007291166685961166,0.33015794,0
node-flipr,bottom,0.34898128,0.0551247731619859,0.34784454,0
node-fx-runner,middle,0.385304712,0.00912206311930968,0.3848586,0
node-gcm-cli,bottom,0.700296472,0.036166995988772994,0.7185895,0
node-get-all-js-files,bottom,0.8761759720000001,0.011857315790005745,0.8772244,0
node-google-alerts,bottom,0.829219022,0.019066891351723323,0.83319956,0
node-har-validator,top,0.586919314,0.00902908314907889,0.58990157,0
node-hertz,bottom,0.131182564,0.0264911545501858,0.13417903,0
node-homedir,middle,0.7944269700000001,0.029953565052544245,0.8116653,0
node-html-pdf,middle,0.364196492,0.011272886445528065,0.35757986,0
node-http-verror,bottom,0.6157715539999999,0.009919698302669274,0.6126587,0
node-ifconfig-parser,bottom,0.6393137680000001,0.008133070970314323,0.64254177,0
node-inst,bottom,0.35816306,0.05804778073287943,0.38607082,0
node-jl,bottom,0.163646674,0.015033281909797,0.16061115,0
node-jscrap,bottom,0.40295168,0.023294418132684715,0.39729005,0
node-json-rest-client,bottom,0.736996962,0.009210527457375575,0.73831654,0
node-jwks-rsa,middle,0.738481292,0.020777901931284336,0.7447083,0
node-klaw,top,0.585224026,0.048045178955108264,0.57458013,0
node-language-detect-exec,bottom,0.585442456,0.01646095930697477,0.5793489,0
node-language-detect-spawn,bottom,0.680913888,0.02856336418195025,0.6705694,0
node-language-exec,bottom,0.657848768,0.013846244830029606,0.65407604,0
node-language-spawn,bottom,0.66929073,0.01221682217828349,0.66245264,0
node-lazy-api,bottom,0.432037482,0.022312148739203043,0.4370746,0
node-lei-routes-sort,bottom,0.157316276,0.00880152729302876,0.16018328,0
node-lintspaces,middle,0.5360104720000001,0.02503840834452584,0.53952783,0
node-local-config,bottom,0.745129344,0.011698093768032512,0.74931896,0
node-logentries-retrieving-log,bottom,0.539018672,0.02277152724089712,0.5293181,0
node-logify,bottom,0.71061286,0.015069806891529858,0.717708,0
node-lru-cache-cluster,bottom,0.844798846,0.02858000100771485,0.8557325,0
node-macaddress,top,0.5323426,0.014835586457231816,0.5406625,0
node-manage-path,middle,0.5028994640000001,0.014945671032778357,0.50302184,0
node-multispinner,middle,0.6747278980000001,0.003661142622545613,0.675938,0
node-os,middle,0.425534594,0.02705958036055215,0.4295093,0
node-parse-numeric-range,middle,0.44387971200000004,0.00887725675758113,0.44376004,0
node-pn,top,0.5514439099999999,0.03263759363170025,0.5341569,0
node-rand-token,middle,0.55772884,0.020958877204611915,0.5602941,0
node-sshpk,top,0.63559541,0.017060021167425353,0.63185,0
node-test-runner,middle,0.548144164,0.010032678318910153,0.55472636,0
node-tmp-sync,middle,0.622393066,0.01913595372829588,0.63345784,0
node-url,top,0.656538864,0.01174357649200106,0.65807426,0
nodejs-depd,top,0.348969372,0.03734319204406166,0.35768175,0
nodejs-driver,middle,0.460986566,0.017153703001440538,0.47028443,0
nodejs-fluent-validator,bottom,0.8384642020000002,0.005909964650022888,0.837987,0
nodejs-is-writable-stream,bottom,0.59907574,0.022711975400171603,0.5870824,0
normalize-newline,middle,0.7267787720000001,0.019855028822263626,0.7190948,0
normalize-path,top,0.641538352,0.010899578390097047,0.64520615,0
normalize-range,top,0.55278202,0.018288613095639544,0.563213,0
normalize-url,top,0.7353804420000001,0.024288891984926383,0.7374696,0
npm-installer,middle,0.7586551939999999,0.007171324583379265,0.7574614,0
npm-name,middle,0.712816228,0.019449564102851244,0.7129325,0
npm-prepublish,middle,0.24156291,0.008424404684860528,0.24156964,0
npm-run-path,top,0.519879524,0.01945330137058695,0.528335,0
npm-utils,middle,0.659875582,0.02265312905643986,0.6677033,0
npmi,middle,0.67441421,0.02445044575151748,0.67391217,0
nth-check,top,0.70772328,0.02544023570916846,0.7101637,0
num2fraction,top,0.593955394,0.010860959857355206,0.594543,0
number-is-nan,top,0.35692744200000004,0.04445264111556949,0.3711267,0
nyc,top,0.32358328599999997,0.07611652509693431,0.33553845,0
object-assign,top,0.498899706,0.013560088672902527,0.49588436,0
object-hash,top,0.70635577,0.00776073736780209,0.708991,0
object-visit,top,0.244187304,0.022784371755597724,0.2499871,0
object.assign,top,0.31510139800000003,0.0034824540500443127,0.31606108,0
object.defaults,top,0.395317206,0.030265074691415848,0.40610224,0
object.omit,top,0.46133160999999995,0.057600760835498935,0.4814769,0
object.pick,top,0.723910098,0.03933436067163825,0.7328172,0
on-headers,top,0.6078498,0.003448589547916647,0.6087097,0
opt-cli,middle,0.524708726,0.031962334826452825,0.5243528,0
opt-merger,middle,0.5903718899999999,0.024349839457577543,0.5943008,0
optimize-css-assets-webpack-plugin,top,0.8516965620000001,0.011679842965006862,0.84971493,0
original,top,0.21150395400000002,0.03070278611604214,0.20649318,0
os-homedir,top,0.61864512,0.036095487671134185,0.6358302,0
os-locale,top,0.591080916,0.02018590753868847,0.5981083,0
output-file-sync,top,0.5541895720000001,0.026890997058326403,0.5548887,0
package-deps,middle,0.31822497,0.009502670298563451,0.31186688,0
package-json,top,0.5886608200000001,0.010698325635808586,0.58942574,0
package-json-versionify,middle,0.67409553,0.01393015936644302,0.6796583,0
pako,top,0.36485957199999997,0.03591333508083408,0.3717965,0
pal,middle,0.276095428,0.02832347289155535,0.2748458,0
parse-filepath,top,0.740110594,0.009187025561215654,0.7409089,0
parse-gitignore,middle,0.721307554,0.01357959390864025,0.7156019,0
parse-json,top,0.685334952,0.012736054145843943,0.68276083,0
parse-mongo-url,middle,0.725500148,0.00846924476762065,0.72841597,0
parse-torrent,middle,0.7241691880000001,0.024985226074015616,0.7205771,0
parse-unit,middle,0.571843342,0.038946750532752004,0.5784952,0
parseurl,top,0.548356168,0.010311109082318446,0.5459139,0
partialify,middle,0.24584985399999998,0.0112584721936007,0.24146545,0
particles.js,middle,0.778992164,0.024402857859490125,0.7840234,0
path-exists,top,0.6701232060000001,0.026871305383821206,0.6786029,0
path-is-absolute,top,0.352404478,0.007099382244542142,0.34902728,0
path-key,top,0.70360654,0.03142084364080315,0.6991945,0
path-loader,middle,0.620965212,0.03591783051735892,0.6339954,0
path-parse,top,0.606342858,0.0066415564039854075,0.6075662,0
path-type,top,0.601309718,0.055733831953958805,0.61802757,0
pbkdf2,top,0.545856026,0.012353467301586995,0.55050933,0
peek-stream,middle,0.47635951800000004,0.015068221126039387,0.4743116,0
perfectionist,middle,0.319605556,0.02757877090831062,0.31309396,0
phridge,middle,0.595335356,0.02360719041124395,0.60050464,0
pify,top,0.45007008800000003,0.026732304361821675,0.44891423,0
pkg-dir,top,0.695724954,0.012860738966629454,0.69613636,0
pkg-up,top,0.54568338,0.01402336913308643,0.5411542,0
plexer,middle,0.22169113000000001,0.01804680556668133,0.22423874,0
plugin-host-resize,bottom,0.5005429539999999,0.014482319146531043,0.4962377,0
point-geometry,middle,0.5482733599999999,0.01333457389455133,0.54665935,0
postcss-calc,top,0.8265278119999999,0.009858235811022175,0.8226012,0
postcss-css-variables,middle,0.796813142,0.0040909840994948895,0.79689705,0
postcss-custom-media,top,0.684324088,0.015364285790811104,0.6828635,0
postcss-custom-properties,top,0.596377024,0.016503615960450302,0.5999191,0
postcss-custom-selectors,top,0.585858082,0.01829853047806351,0.58451545,0
postcss-devtools,middle,0.435630182,0.010065066113484787,0.43362784,0
postcss-easings,middle,0.804195988,0.018866104394095806,0.79988164,0
postcss-filter-plugins,top,0.611515762,0.016870624931187975,0.6032231,0
postcss-font-variant,top,0.754133352,0.009342872590136306,0.7572088,0
postcss-functions,middle,0.763991764,0.045772586062824534,0.7839048,0
postcss-import,top,0.726421094,0.03968211087928639,0.70616424,0
postcss-initial,top,0.626746436,0.011596277103977384,0.6253756,0
postcss-inline-svg,middle,0.76320763,0.011752153647731958,0.7601014,0
postcss-media-minmax,top,0.48867765399999996,0.03402322803273638,0.5022169,0
postcss-message-helpers,top,0.726438272,0.01268695471260615,0.72535604,0
postcss-modules-local-by-default,top,0.761892558,0.02160205575476835,0.76749194,0
postcss-modules-scope,top,0.51910521,0.022909888934322678,0.5199634,0
postcss-modules-values,top,0.33228241000000003,0.028874622634399053,0.32542813,0
postcss-opacity,middle,0.609765802,0.010239785546134247,0.6090055,0
postcss-parser-tests,middle,0.76726212,0.012634591973577955,0.7677687,0
postcss-prefix-selector,middle,0.573613358,0.008206638368383286,0.5737338,0
postcss-selector-matches,top,0.8283833380000001,0.006130653015297011,0.83006066,0
postcss-selector-not,top,0.8017478499999999,0.018219784896644647,0.7923039,0
postcss-selector-parser,top,0.832788764,0.011736347983922837,0.83739126,0
postcss-value-parser,top,0.411295852,0.017715245401768207,0.41209984,0
prebuild,middle,0.5871948,0.018470474485919396,0.5923607,0
prepend-http,top,0.640091988,0.009716227520571944,0.63859034,0
prepush,middle,0.43337097,0.025287322209468912,0.42027724,0
preserve,top,0.302396898,0.08863079698219334,0.24213246,0
prettier,top,0.8856541659999999,0.012034574983591248,0.8852008,0
pretty-bytes,top,0.512493922,0.02105746978839384,0.51647466,0
process-nextick-args,top,0.6029520620000001,0.06653888150373674,0.6441529,0
prom-client,middle,0.818109632,0.004784799414408132,0.8185104,0
promises-es6,middle,0.37457333,0.003830678555086556,0.37438488,0
prompt-sync,middle,0.830271102,0.013393309117841964,0.832192,0
prop-types,top,0.6577003319999999,0.02044453178505491,0.64946246,0
protractor-jasmine2-screenshot-reporter,middle,0.886285358,0.015704020727327118,0.8895886,0
proxy-addr,top,0.5769168419999999,0.023751779551053058,0.5858679,0
pseudomap,top,0.540176942,0.01596129433507567,0.53259957,0
publicEncrypt,top,0.55425454,0.015078373001521126,0.5559999,0
pug-cli,middle,0.723984512,0.020781922381187902,0.71369946,0
pumpify,top,0.5191152320000001,0.006547673329918131,0.52102506,0
purifycss,middle,0.369668202,0.017518228980242845,0.3643492,0
purifycss-webpack,middle,0.620305232,0.014125380917397219,0.6156649,0
pushdata-bitcoin,middle,0.61818482,0.012308381791161649,0.6153605,0
python-shell,middle,0.583045952,0.030458154268348605,0.5903236,0
qs,top,0.45801095,0.029259227621523113,0.45581007,0
querystringify,top,0.7225021899999999,0.023256626047440755,0.7326563,0
queue-anim,middle,0.59006764,0.009370389421192695,0.59391344,0
random-item,middle,0.6907133599999999,0.01659617710304995,0.68494666,0
randomatic,top,0.740259494,0.02339895890101911,0.75361603,0
randombytes,top,0.54684904,0.013094465140203307,0.5484305,0
rc-config-loader,middle,0.578726554,0.016518094394446025,0.58068705,0
reInterval,middle,0.572633654,0.08794574831246527,0.5548435,0
react-a11y,middle,0.6073529,0.017765795880427083,0.6080267,0
react-beautiful-dnd,middle,0.7362176,0.036526105999840006,0.74513525,0
react-burger-menu,middle,0.49549415999999996,0.04959044589104691,0.4885226,0
react-click-outside,middle,0.6234207279999999,0.013776088333482737,0.6245427,0
react-collapse,middle,0.758716014,0.012959166104421197,0.7612115,0
react-component-gulp-tasks,middle,0.826984848,0.012843915344680535,0.8252766,0
react-dock,middle,0.667414634,0.020742399900410047,0.6590677,0
react-dropdown,middle,0.7246409220000001,0.007227931210901242,0.7239115,0
react-flexbox-grid,middle,0.8136472040000001,0.006154299021402071,0.8136257,0
react-flip-move,middle,0.621885558,0.01690177899412571,0.62127715,0
react-grid-layout,middle,0.8420252039999999,0.014534286026765429,0.8437986,0
react-group,middle,0.39696915,0.017465997801371105,0.4050554,0
react-highcharts,middle,0.8402892100000001,0.014671001315452178,0.8426006,0
react-highlight,middle,0.812566462,0.011008504020089193,0.81603897,0
react-hot-loader,top,0.606212448,0.03189981497377169,0.5966041,0
react-inline-css,middle,0.641344084,0.012633018013362049,0.64563024,0
react-masonry-component,middle,0.795823106,0.004222039001724199,0.794847,0
react-moment-proptypes,middle,0.8050715079999999,0.01323433595577506,0.8048796,0
react-mounter,middle,0.755023698,0.025906365760984675,0.74365306,0
react-native-collapsible,middle,0.83990326,0.015671988803524575,0.8490355,0
react-native-modalbox,middle,0.778706136,0.006531001933679818,0.77702785,0
react-native-navbar,middle,0.835144352,0.008357389839448707,0.83508456,0
react-native-progress,middle,0.772696354,0.0018719472064617527,0.7734783,0
react-native-side-menu,middle,0.8166128799999999,0.0069700732956547865,0.8140975,0
react-notification-system,middle,0.779897442,0.005671014201562198,0.7792784,0
react-paginate,middle,0.8299084539999999,0.007275428343326642,0.8309787,0
react-quill,middle,0.793788948,0.00918380930944616,0.79911995,0
react-redux,top,0.79087312,0.023719867570280617,0.77782667,0
react-resizable,middle,0.7861522400000001,0.02559193219137625,0.7817599,0
react-responsive-carousel,middle,0.825886176,0.013385829277339521,0.8208066,0
react-scrolllock,middle,0.372480064,0.023204038230020017,0.36206043,0
react-share,middle,0.749578732,0.007257730607078144,0.7463212,0
react-sidebar,middle,0.831870748,0.01423381494777556,0.824566,0
react-static-container,middle,0.665509326,0.009382051855174326,0.665155,0
react-sticky,middle,0.703726492,0.010005882048014069,0.70306087,0
react-svg-loader,middle,0.796876704,0.017738809107951153,0.7971865,0
react-toggle,middle,0.827620552,0.005114841734674714,0.8259225,0
react-with-styles,middle,0.688281888,0.01691542250329474,0.69202155,0
read-file,middle,0.448901538,0.022769645532850758,0.4514493,0
read-pkg,top,0.564792642,0.010109734355507011,0.5633705,0
read-pkg-up,top,0.57264588,0.04531802689936754,0.5855044,0
read-yaml,middle,0.85974538,0.0085974305915023,0.86181605,0
rechoir,top,0.256469666,0.10092615998896634,0.29166132,0
redent,top,0.40691424600000003,0.024736031944468776,0.4193889,0
reduce-css-calc,top,0.640623898,0.01490908990151712,0.64167684,0
reduce-function-call,top,0.597291506,0.014578075065157984,0.60380214,0
redux,top,0.605253362,0.018746428811235467,0.6077833,0
redux-auth-wrapper,middle,0.667325438,0.02062671781575343,0.66209364,0
redux-devtools-themes,middle,0.749022348,0.03738924428726154,0.7699107,0
redux-localstorage,middle,0.775718782,0.021533020767907144,0.7865341,0
redux-thunk,top,0.7454574920000001,0.02122735054127858,0.7468569,0
redux-undo,middle,0.703759148,0.03652844824709254,0.7050238,0
regex-cache,top,0.632348406,0.009563743691519548,0.6313956,0
regextras,middle,0.546462146,0.009079260641372731,0.54888177,0
registry-url,top,0.80633818,0.062131021131038924,0.82537526,0
regjsgen,top,0.7281168499999999,0.014348667122593643,0.7323145,0
relateurl,top,0.44664118999999997,0.014917522303894848,0.452505,0
relative,middle,0.49653326,0.08452752003263048,0.50054455,0
remote-form,bottom,0.640330388,0.009288565142190702,0.6392708,0
remove-markdown,middle,0.490488536,0.017522149526520172,0.48739773,0
repeat-element,top,0.588976346,0.029896049587537155,0.5954552,0
repeat-string,top,0.61962368,0.01965189816244224,0.6194585,0
repeating,top,0.55775403,0.035019597835961085,0.5692669,0
replace-ext,top,0.5992686899999999,0.037332379285049566,0.61655384,0
require-from-string,top,0.433196914,0.04285961119916312,0.44029638,0
require-in-the-middle,middle,0.6413402180000001,0.012253911206697233,0.6333358,0
requires-port,top,0.618903458,0.024678650839914613,0.60811996,0
resolve-cwd,top,0.5364950719999999,0.029121695868302704,0.5379293,0
resolve-dir,top,0.400513924,0.015794325742401315,0.40114516,0
resolve-from,top,0.6083929020000001,0.034545826931773126,0.6026712,0
resolve-protobuf-schema,middle,0.6137233679999999,0.031590912361628955,0.6073508,0
resource-loader,middle,0.568171188,0.030873248131934043,0.567232,0
restore-cursor,top,0.606441118,0.03452919285195676,0.6100851,0
rethinkdbdash,middle,0.833477706,0.01271444460753513,0.8337158,0
rev-del,middle,0.272662778,0.03020901449442649,0.28448385,0
rework-plugin-function,middle,0.764172474,0.019979751279597554,0.7665802,0
rework-plugin-url,middle,0.763909858,0.00992306912160848,0.76512194,0
right-align,top,0.62413371,0.020361981357741202,0.6219802,0
ripple,middle,0.268755972,0.022231807993815293,0.27100033,0
rollup,top,0.410316114,0.04017948232036321,0.3944452,0
rollup-plugin-babel-minify,middle,0.81306352,0.0070816333230830295,0.8102437,0
rollup-plugin-bundle-size,middle,0.716905802,0.02327761538091955,0.72476333,0
rollup-plugin-istanbul,middle,0.685314362,0.02158227081117092,0.68175614,0
rollup-plugin-multi-entry,middle,0.781676242,0.022486239029177825,0.79437435,0
rollup-plugin-node-resolve,top,0.8012936460000001,0.021761437251766717,0.8093294,0
router,middle,0.558306788,0.03750002783157261,0.5807624,0
rss,bottom,0.5977181180000001,0.032394236360896334,0.58749986,0
rtl-detect,middle,0.609106886,0.026883877900839185,0.62111455,0
run-applescript,middle,0.466284158,0.024107505949135823,0.4655068,0
run-auto,middle,0.40243440799999997,0.02651620429108906,0.39207375,0
run-sequence,top,0.6216547,0.06688425538449799,0.5915961,0
safe-buffer,top,0.825754578,0.027823510831137387,0.8207348,0
sane,top,0.6910071,0.02866982912287759,0.7041635,0
sass-graph,top,0.579172648,0.02609857994664209,0.58038914,0
scss-tokenizer,top,0.670490094,0.034543638925797635,0.65188813,0
semver-diff,top,0.766799078,0.005387014707100764,0.7660749,0
sequence,middle,0.549130934,0.03972830277590877,0.5633651,0
serialize-javascript,top,0.658478868,0.026670062084046046,0.66969764,0
serve-favicon,top,0.7855472139999999,0.03246251969817472,0.7945267,0
serve-index,top,0.521480048,0.025796672353766315,0.5276142,0
serve-static,top,0.690559162,0.011909724417223943,0.6934567,0
session,top,0.570375632,0.011666101836085598,0.56548154,0
session-file-store,middle,0.763953066,0.018915055376119806,0.7697537,0
set-immediate-shim,top,0.6051377600000001,0.04798857431423649,0.5849271,0
set-value,top,0.6080278100000001,0.039807485001243835,0.62126255,0
setprototypeof,top,0.53369283,0.008649523348826786,0.5314042,0
shady-css-parser,middle,0.617348814,0.019627615139631207,0.6146188,0
shallow-clone,top,0.743507912,0.016491800988247787,0.74117905,0
shebang-command,top,0.6651060999999999,0.020635652795950032,0.6687154,0
shebang-regex,top,0.6293774599999999,0.011509345030094015,0.6348379,0
shiro-trie,middle,0.419930148,0.004165630501583157,0.41973662,0
should.js,top,0.579754906,0.03779679006384513,0.57979965,0
signal-exit,top,0.46744173599999994,0.01914920405974959,0.47537553,0
simctl,middle,0.783935172,0.01760299686039058,0.7862314,0
simple-sha1,middle,0.741206536,0.030345252481222305,0.73997796,0
slack-bot-api,middle,0.614471158,0.00379717424945448,0.61241764,0
slice-ansi,top,0.795443608,0.016387614162199436,0.7960763,0
snapdragon,top,0.7389123599999999,0.011748076903444659,0.7369664,0
snapdragon-util,top,0.84601025,0.028117283051799224,0.8409027,0
socket.io-adapter,top,0.667530298,0.014554660633368226,0.66219854,0
sort-by,middle,0.713027324,0.05300666047503025,0.7203361,0
sort-keys,top,0.75172823,0.007451476694072151,0.7498865,0
source-list-map,top,0.41111347,0.013199255469324774,0.40572575,0
source-map-resolve,top,0.63472548,0.010472478768455463,0.63831115,0
source-map-url,top,0.657270174,0.021527514132996858,0.6523762,0
spdx-correct.js,top,0.5350989,0.017978424519216107,0.53928673,0
spdx-expression-parse.js,top,0.6966773500000001,0.03628648798642274,0.69961536,0
spdx-license-ids,top,0.796591462,0.013102962630776297,0.80137825,0
spdx-license-list,middle,0.748793676,0.01425934691912748,0.74678516,0
spdy-transport,top,0.774065592,0.01579363409945666,0.77435637,0
split-string,top,0.6897032299999999,0.01948362485606824,0.68295,0
spotify-web-api-node,middle,0.841093564,0.016829980896980522,0.8370657,0
stack-utils,top,0.570636358,0.012973042949201213,0.5640177,0
stackframe,top,0.721262684,0.029556674076772087,0.72185653,0
standard,top,0.636336402,0.07245473938138569,0.63967395,0
standard-format,middle,0.694507556,0.018175873571947793,0.7016089,0
statuses,top,0.6871916299999999,0.01835369671760434,0.68398845,0
stdout-stream,top,0.574846548,0.015093751619810105,0.5765433,0
stealthy-require,top,0.5641032619999999,0.017978381821488292,0.5625338,0
stream-assert,middle,0.6852031519999999,0.013959732272558806,0.6795148,0
stream-each,top,0.594251846,0.017321461217315943,0.5959289,0
stream-http,top,0.776162094,0.020347504114895273,0.7698152,0
stream-shift,top,0.482883028,0.05800015553875756,0.49599713,0
stream-to-promise,middle,0.689009764,0.021351191069168298,0.6777766,0
strict-uri-encode,top,0.675971794,0.013050644382044124,0.67708653,0
string-length,top,0.46485469,0.02862447309271562,0.4568686,0
string-width,top,0.555347552,0.04611706529510816,0.5386609,0
strip-bom,top,0.69861978,0.03351244930593404,0.6979978,0
strip-comments,top,0.8452144880000001,0.01617622565854501,0.84875673,0
strip-indent,top,0.527596822,0.051152140495774163,0.50656104,0
strong-globalize,middle,0.803844354,0.014831921236602498,0.80625665,0
superagent-promise,middle,0.775382544,0.010615748250850212,0.7772452,0
svg4everybody,middle,0.57916247,0.07226649845884328,0.588645,0
swagger-jsdoc,middle,0.8360711719999999,0.015706756398471335,0.8375096,0
table,top,0.45382424200000004,0.024610415837858564,0.45578158,0
tacks,middle,0.0964159546,0.09713994593295891,0.107453346,0
teamwork,middle,0.010490471060000001,0.02397043660581597,0.0004932545,0
telegraf,middle,0.82457683,0.010902050983016914,0.8257841,0
template-html-loader,middle,0.7409527920000001,0.023320776926480595,0.7457536,0
templating-resources,middle,0.42624128599999994,0.017517838062745622,0.43494982,0
test-exclude,top,0.5265478920000001,0.03812942159770221,0.5422993,0
testing,middle,0.529062658,0.014570683486982363,0.5258827,0
thorJS-builder,bottom,0.603981932,0.00413631940956812,0.6038542,0
throng,middle,0.5654995,0.0434895129155231,0.54523873,0
time-stamp,top,0.55691782,0.022048246831206354,0.5443155,0
titleize,middle,0.369568524,0.018542691802125984,0.3665381,0
to-arraybuffer,top,0.51648382,0.016815653527319407,0.51509166,0
to-fast-properties,top,0.8076373459999999,0.012032698963939058,0.81062394,0
to-ico,middle,0.59147532,0.03406200149386113,0.60978484,0
to-object-path,top,0.53443539,0.025994722093830906,0.5222719,0
to-regex-range,top,0.58942667,0.018887064153327297,0.5967148,0
toml-require,middle,0.887793122,0.008709780606790275,0.8855534,0
top-gh-contribs,middle,0.56539045,0.03240701158314352,0.56061435,0
topo,top,0.406498014,0.06223319670850504,0.3920183,0
toxic,middle,0.28849155,0.019828372986233647,0.29405802,0
transliteration,middle,0.604302814,0.022214209812763543,0.607821,0
trash-cli,middle,0.556515096,0.05090437500079271,0.5591741,0
trim-newlines,top,0.6608007300000001,0.015091646442650009,0.6560019,0
try-require,middle,0.6587648720000001,0.03819262954185492,0.654181,0
tslint-ionic-rules,middle,0.714892662,0.012406540670965494,0.7114225,0
tween-one,middle,0.48645435800000003,0.04438235921804429,0.46675253,0
tweetnacl-js,top,0.863065806,0.01721120299589428,0.8583192,0
uglifyjs-webpack-plugin,top,0.824730446,0.014061982204461075,0.83279383,0
unassert,middle,0.415502468,0.02682285355355708,0.42039317,0
unassertify,middle,0.653464284,0.04216568023301034,0.6486946,0
unc-path-regex,top,0.7652627,0.02649993528210875,0.75695443,0
underscore-template-loader,middle,0.763286106,0.007799219092619484,0.75993943,0
unescape-js,middle,0.720296794,0.02693768783686493,0.71966136,0
union-value,top,0.527574598,0.026208238359530615,0.51783967,0
uniqid,top,0.6534656400000001,0.02025057908766562,0.6466383,0
uniqs,top,0.518869978,0.044141304977415655,0.5316046,0
unit-coverage,middle,0.704088262,0.011569431213254197,0.7031144,0
unit.js,middle,0.780404584,0.032130626270334826,0.7781839,0
universal-router,middle,0.689872042,0.01901509532040059,0.7009696,0
unset-value,top,0.494748348,0.031038394670673927,0.5024185,0
url-parse,top,0.80810139,0.010193175203929304,0.8139781,0
url-parse-lax,top,0.623767554,0.0192079172507063,0.6141294,0
url-slug,middle,0.412764258,0.0208596323349255,0.40973753,0
use,top,0.341295934,0.02979369885904114,0.33875647,0
utfstring,middle,0.783431046,0.01936725502019787,0.79376423,0
util-deprecate,top,0.79014064,0.05006193117172973,0.7600242,0
v8flags,top,0.7483890719999999,0.03403363207278456,0.76042485,0
validate-npm-package-license.js,top,0.673252298,0.011624557893383246,0.674919,0
validate-npm-package-name,top,0.699339754,0.011785580398617613,0.69459915,0
varuint-bitcoin,middle,0.48681760600000007,0.023812275199095945,0.47292653,0
vary,top,0.6771511699999999,0.031942086652053586,0.67420006,0
vector-tile-js,middle,0.736282546,0.0213056900378298,0.7277385,0
verb-tag-jscomments,middle,0.802091106,0.005974042797024521,0.80136883,0
versionify,middle,0.473046194,0.005496366153385347,0.47652128,0
verup,middle,0.200874298,0.01424442072726967,0.19694617,0
vinyl-source-stream,top,0.630785626,0.03219690794611773,0.6201005,0
vizion,middle,0.194583512,0.020428922087483464,0.18599842,0
void-elements,top,0.793129502,0.002551190051234912,0.79354113,0
vue-component-compiler,middle,0.722863036,0.015925253666760824,0.72386044,0
vue-hot-reload-api,top,0.8593245780000001,0.019251375855998405,0.86543775,0
vue-loader,top,0.8186658,0.0075667214224524135,0.819823,0
vue-moment,middle,0.7321625380000001,0.023107731751953034,0.74037445,0
vue-touch,middle,0.546322118,0.012356175638850412,0.5471065,0
vuex-i18n,middle,0.732866474,0.012996417357575134,0.7280822,0
vuvuzela,middle,0.20052272599999998,0.13528854219220018,0.11062299,0
vux-loader,middle,0.766502816,0.03107407225765445,0.77729785,0
wangEditor,middle,0.8710500700000001,0.007956050443926348,0.86655706,0
warning,top,0.412906262,0.011021208139138833,0.4118484,0
watchpack,top,0.582417492,0.027549481520790356,0.5862887,0
web-resource-inliner,middle,0.48587200399999997,0.013718861980963662,0.4777984,0
webidl-conversions,top,0.7391702,0.037845723774622204,0.7465878,0
webidl2js,middle,0.586770912,0.02157019714567929,0.58416826,0
webpack-bundle-analyzer,top,0.64626172,0.02210957862371535,0.63838255,0
webpack-cleanup-plugin,middle,0.732633996,0.015952560562205377,0.7421881,0
webpack-hot-middleware,top,0.6494833680000001,0.025038894830246003,0.6525165,0
webpack-manifest-plugin,top,0.80993339,0.019941567266967736,0.8122584,0
webpack-merge,top,0.8163648200000001,0.021071305485351386,0.8262443,0
webpack-middleware,middle,0.699730878,0.008171651891693667,0.7051699,0
webpack-sources,top,0.691542314,0.018566111986950334,0.6926071,0
webpack-subresource-integrity,top,0.8649745,0.009412568299885033,0.8682507,0
websocket-extensions-node,top,0.658797632,0.015112934164354717,0.655826,0
whatwg-url,top,0.84948819,0.010873253965602953,0.8452658,0
widest-line,top,0.582632278,0.013516433315796373,0.57843477,0
wif,middle,0.451245532,0.01810838158845014,0.45470774,0
window-size,top,0.44080601799999997,0.020609046001271347,0.44923526,0
wrap-ansi,top,0.532909812,0.028851035604614265,0.5171386,0
wrappy,top,0.56032463,0.052832268939110485,0.5433763,0
write,top,0.318327238,0.013416835043109846,0.317791,0
write-file-atomic,top,0.5764362679999999,0.009711437180671051,0.5755167,0
xdg-basedir,top,0.609333054,0.020086287938237368,0.60450715,0
xdg-trashdir,middle,0.568913606,0.016432599919339604,0.56367886,0
xml-char-classes,top,0.5600734860000001,0.008261416441308947,0.55765873,0
xml-name-validator,top,0.6155542580000001,0.01454013692503682,0.6122891,0
y18n,top,0.5485960000000001,0.008569398676978444,0.5459641,0
yallist,top,0.48872776,0.029308339247316646,0.48821536,0
yargonaut,middle,0.39405897,0.04831090947254151,0.3971069,0
yargs-parser,top,0.596896992,0.014955809797410478,0.5980441,0
yauzl,top,0.626452878,0.01961178015692152,0.62445,0
yeast,top,0.541456432,0.015654599570034358,0.5508486,0
yn,top,0.5162050760000001,0.0811825895818219,0.5446613,0
zopflipng-bin,middle,0.572122594,0.005399479165000997,0.5746089,0
